rank,processor,numBalanceLoad,nsSumBalanceLoad,numComputePartMasters,nsSumComputePartMasters,numCreateTree,nsSumCreateTree,numDestroyPartitions,nsSumDestroyPartitions,numLoadMSAFromRBACached,nsSumLoadMSAFromRBACached,numLoadMSAFromRBAUncached,nsSumLoadMSAFromRBAUncached,numLoadMSAFromReStore,nsSumLoadMSAFromReStore,numLoadMetadataFromRBA,nsSumLoadMetadataFromRBA,numRedoPartitionAssignment,nsSumRedoPartitionAssignment,numRestoreModels,nsSumRestoreModels,numSaveToReStore,nsSumSaveToReStore,numTreeinfoDestroy,nsSumTreeinfoDestroy,numTreeinfoInit,nsSumTreeinfoInit,numTreeinfoResetPartitions,nsSumTreeinfoResetPartitions,numTreeinfoUpdatePartialsAndCLVs,nsSumTreeinfoUpdatePartialsAndCLVs,numUTreeGraphDestroy,nsSumUTreeGraphDestroy,numUpdateModels,nsSumUpdateModels,numUpdateTree,nsSumUpdateTree,numwork,nsSumwork
0,i01r01c03s01,2,290579,2,14856,2,45847,2,399634,1,1474379,1,123606080,1,1169210,1,241474,2,2971391,2,8154,1,2187265,2,3507,2,7689073,2,2834,2,1342235,2,18294,64,17698918,189,3630528,0,0
1,i01r01c03s01,2,275168,2,13189,2,43214,2,503775,1,2690999,1,121896135,1,1334097,1,218689,2,4325858,2,10671,1,2196090,2,3765,2,6875865,2,2324,2,2064148,2,17595,64,19298513,189,3731680,0,0
2,i01r01c03s01,2,261163,2,13021,2,43065,2,300825,1,2928138,1,123231366,1,1296695,1,401302,2,4510799,2,6758,1,2190406,2,4043,2,7082426,2,2407,2,1678689,2,19141,64,18912336,189,3643387,0,0
3,i01r01c03s01,2,263088,2,13629,2,43374,2,488206,1,2709050,1,122289763,1,1300496,1,199009,2,4298255,2,7364,1,2179778,2,4215,2,6955560,2,3666,2,1749111,2,19056,64,19593756,189,3649244,0,0
4,i01r01c03s01,2,264595,2,13464,2,41740,2,283016,1,2409315,1,121482438,1,1261401,1,220319,2,3961301,2,7764,1,2154646,2,3982,2,6961166,2,2523,2,1709358,2,17035,64,18876984,189,3582135,0,0
5,i01r01c03s01,2,272083,2,13011,2,41150,2,394888,1,3059926,1,123540860,1,1257227,1,202666,2,4615444,2,5519,1,2193409,2,4100,2,6960183,2,2418,2,1785284,2,18707,64,19418583,189,3675228,0,0
6,i01r01c03s01,2,274526,2,13548,2,41024,2,550117,1,4014491,1,124947270,1,1215184,1,429835,2,5530195,2,6342,1,2155151,2,3996,2,7126532,2,2893,2,1600406,2,20951,64,18503293,189,3617834,0,0
7,i01r01c03s01,2,277904,2,13760,2,38110,2,326897,1,3062328,1,122930967,1,1161829,1,406879,2,4527439,2,7473,1,2153522,2,7132,2,6998401,2,3267,2,1916897,2,18246,64,19756921,189,3980907,0,0
8,i01r01c03s01,2,269943,2,13955,2,40838,2,409842,1,4281442,1,123646847,1,1369984,1,220054,2,5948133,2,6723,1,2192814,2,4032,2,6798249,2,2726,2,1668182,2,19068,64,19320969,189,3555870,0,0
9,i01r01c03s01,2,261283,2,13302,2,39616,2,276889,1,3179946,1,121651037,1,1147557,1,239885,2,4613700,2,8943,1,2176095,2,3514,2,6689339,2,2358,2,1748068,2,17866,64,19247784,189,3748951,0,0
10,i01r01c03s01,2,272674,2,12985,2,43804,2,349857,1,3522630,1,122352014,1,1150546,1,279632,2,4970352,2,9353,1,2184828,2,3640,2,7006079,2,2558,2,1911457,2,19677,64,18978217,189,3653639,0,0
11,i01r01c03s01,2,262928,2,13249,2,39960,2,443801,1,4649245,1,124136779,1,1318700,1,201252,2,6255546,2,8961,1,2194298,2,3805,2,6714725,2,2781,2,1890891,2,18252,64,19476774,189,3728062,0,0
12,i01r01c03s01,2,272512,2,13833,2,40067,2,359515,1,4009146,1,122506989,1,1334460,1,198674,2,5642166,2,8114,1,2158442,2,4422,2,6926730,2,3500,2,1670395,2,18314,64,18849750,189,3603313,0,0
13,i01r01c03s01,2,278721,2,12877,2,38947,2,301183,1,2159494,1,125253155,1,1189329,1,204465,2,3651605,2,8372,1,2195584,2,3470,2,6857492,2,2517,2,1822486,2,16765,64,19491431,189,3632503,0,0
14,i01r01c03s01,2,266740,2,13187,2,60979,2,711644,1,4484102,1,123912509,1,1344870,1,194885,2,6123251,2,6021,1,2179996,2,5388,2,9450047,2,3671,2,1995251,2,24938,64,18414093,189,3726328,0,0
15,i01r01c03s01,2,277968,2,13117,2,40581,2,515427,1,2560675,1,121575525,1,1264252,1,290383,2,4128172,2,7351,1,2192494,2,3364,2,6818123,2,2498,2,2064905,2,18644,64,19859039,189,3688419,0,0
16,i01r01c03s01,2,269134,2,13634,2,39809,2,287683,1,3715357,1,123381412,1,1438772,1,203653,2,5449743,2,6989,1,2156938,2,3554,2,7206414,2,2919,2,1671810,2,19769,64,19008941,189,3679748,0,0
17,i01r01c03s01,2,269820,2,13567,2,40356,2,421640,1,4843248,1,125005408,1,1347749,1,200494,2,6486272,2,8201,1,2158417,2,4370,2,6719785,2,2629,2,1801275,2,18399,64,19319945,189,3710445,0,0
18,i01r01c03s01,2,276362,2,13849,2,41401,2,322326,1,3743781,1,123345566,1,1218123,1,236053,2,5265110,2,11003,1,2154111,2,3507,2,7205527,2,2248,2,1527511,2,18911,64,19182318,189,3651255,0,0
19,i01r01c03s01,2,276779,2,15079,2,45410,2,409078,1,4719732,1,121667775,1,1216655,1,207862,2,6242482,2,6794,1,2206462,2,3632,2,6882959,2,2639,2,1488027,2,19937,64,17550472,189,3833363,0,0
20,i01r01c03s01,2,268899,2,13023,2,41566,2,658864,1,3749086,1,122987540,1,1255670,1,275690,2,5299729,2,8523,1,2175041,2,3929,2,7061216,2,2765,2,2264307,2,21718,64,18154660,189,3692175,0,0
21,i01r01c03s01,2,268890,2,13258,2,37780,2,450093,1,2700648,1,124420621,1,1281436,1,251722,2,4276152,2,5753,1,2197808,2,3639,2,7737866,2,3290,2,1679748,2,18632,64,19372183,189,3636241,0,0
22,i01r01c03s01,2,269516,2,12764,2,50737,2,409881,1,4799833,1,123362086,1,1368735,1,223970,2,6464691,2,5652,1,2183007,2,3966,2,7458128,2,2340,2,1655612,2,19360,64,19151661,189,3653213,0,0
23,i01r01c03s01,2,267955,2,13779,2,40723,2,368534,1,3504632,1,123492847,1,1188526,1,376392,2,4987500,2,8819,1,2155155,2,3528,2,7733572,2,2728,2,1824232,2,18650,64,19688444,189,3706394,0,0
24,i01r01c03s01,2,263248,2,13149,2,39207,2,346342,1,2557152,1,123401016,1,1393152,1,201740,2,4238637,2,5799,1,2155490,2,3559,2,8062052,2,2384,2,1678842,2,17765,64,19321681,189,3615946,0,0
25,i01r01c03s01,2,269280,2,13492,2,40760,2,225429,1,1505206,1,124839058,1,1410779,1,203600,2,3210643,2,7560,1,2191877,2,3821,2,7437571,2,2933,2,1971519,2,17963,64,19651665,189,3799650,0,0
26,i01r01c03s01,2,270228,2,12934,2,39677,2,381172,1,4497474,1,123331423,1,1195451,1,221399,2,5988086,2,9603,1,2154685,2,4095,2,6826925,2,2654,2,1666842,2,17131,64,18948939,189,3662903,0,0
27,i01r01c03s01,2,268026,2,14416,2,40895,2,382537,1,4154429,1,121249797,1,1330445,1,209141,2,5780539,2,9301,1,2186097,2,3470,2,7705450,2,2384,2,1651954,2,20881,64,19486272,189,3706102,0,0
28,i01r01c03s01,2,257904,2,13467,2,44527,2,348047,1,3541884,1,122250553,1,1381080,1,205311,2,5207574,2,7826,1,2199465,2,3495,2,7245254,2,1985,2,1857436,2,20754,64,16740701,189,3745969,0,0
29,i01r01c03s01,2,274400,2,12982,2,41813,2,432792,1,4119239,1,124281911,1,1234316,1,205068,2,5654346,2,11313,1,2156112,2,4051,2,6772751,2,2935,2,1725074,2,20551,64,19601346,189,3687578,0,0
30,i01r01c03s01,2,278558,2,14031,2,43054,2,380654,1,2583249,1,124162874,1,1374561,1,231912,2,4264362,2,5713,1,2157262,2,4223,2,8093822,2,2537,2,1903616,2,19952,64,19291935,189,3667850,0,0
31,i01r01c03s01,2,283983,2,13891,2,37816,2,521261,1,2577877,1,122805391,1,1211364,1,264511,2,4099157,2,7043,1,2155033,2,3528,2,6824775,2,1934,2,1858628,2,17297,64,19760677,189,3629071,0,0
32,i01r01c03s01,2,261082,2,13312,2,40995,2,343121,1,2788061,1,121908304,1,1228978,1,222203,2,4303541,2,7875,1,2157140,2,3822,2,7049863,2,2078,2,1680485,2,18319,64,18915246,189,3661956,0,0
33,i01r01c03s01,2,283155,2,13009,2,42144,2,456930,1,4122498,1,122746719,1,1269443,1,201788,2,5700965,2,7095,1,2156477,2,4001,2,6816647,2,2553,2,2077880,2,19662,64,19509124,189,3736293,0,0
34,i01r01c03s01,2,281190,2,13613,2,44709,2,397190,1,2578246,1,122961815,1,1341263,1,247127,2,4227652,2,5861,1,2153821,2,3727,2,7299565,2,3225,2,2108669,2,18114,64,19103265,189,3651497,0,0
35,i01r01c03s01,2,269420,2,13793,2,41249,2,409534,1,3312125,1,123727150,1,1302182,1,238026,2,4909984,2,7137,1,2153514,2,4219,2,6931754,2,2529,2,2272448,2,19081,64,19532460,189,3726426,0,0
36,i01r01c03s01,2,278745,2,13317,2,41521,2,504358,1,2237989,1,121502260,1,1223376,1,218040,2,3764937,2,6880,1,2156934,2,3714,2,6998209,2,2438,2,2076144,2,18674,64,18316892,189,3694656,0,0
37,i01r01c03s01,2,291070,2,13081,2,38945,2,465493,1,4754321,1,121448064,1,1293793,1,219649,2,6364792,2,5821,1,2182165,2,4548,2,7478507,2,4471,2,1908074,2,19640,64,19702251,189,3664234,0,0
38,i01r01c03s01,2,274371,2,13981,2,45594,2,346993,1,1811701,1,122858915,1,1268921,1,234868,2,3381567,2,7159,1,2159912,2,4012,2,7803921,2,2717,2,1529194,2,18778,64,18413957,189,3743775,0,0
39,i01r01c03s01,2,274125,2,13740,2,41678,2,370419,1,1963717,1,122928965,1,1241064,1,507069,2,3505309,2,10964,1,2192159,2,3872,2,6756675,2,2516,2,2418114,2,18803,64,19737040,189,3746560,0,0
40,i01r01c03s01,2,288106,2,15174,2,36810,2,228357,1,2310500,1,123551426,1,1283456,1,204018,2,3909992,2,11043,1,2158158,2,3521,2,6812456,2,2675,2,1565458,2,18468,64,19432919,189,3609759,0,0
41,i01r01c03s01,2,279598,2,13235,2,41145,2,487274,1,2646060,1,124287520,1,1254847,1,240534,2,4206325,2,7431,1,2157760,2,4221,2,6869894,2,2388,2,1718703,2,18041,64,19579205,189,3683015,0,0
42,i01r01c03s01,2,273744,2,14295,2,43404,2,593292,1,4091544,1,121183664,1,1277184,1,203487,2,5668925,2,8208,1,2159116,2,4339,2,7002745,2,2695,2,1709016,2,18369,64,18358723,189,3604319,0,0
43,i01r01c03s01,2,331629,2,13348,2,42859,2,371312,1,1974666,1,125145686,1,1172223,1,197023,2,3504401,2,9650,1,2207224,2,4218,2,6876715,2,2543,2,1566445,2,19187,64,17569864,189,3746976,0,0
44,i01r01c03s01,2,277037,2,13787,2,39290,2,425245,1,1953967,1,121575860,1,1241153,1,212370,2,3498205,2,9618,1,2154395,2,3770,2,7086039,2,2766,2,1282996,2,17920,64,18227927,189,3690172,0,0
45,i01r01c03s01,2,268113,2,13260,2,41077,2,579938,1,2624923,1,124397784,1,1296862,1,205047,2,4215513,2,7500,1,2157475,2,3945,2,6940615,2,2724,2,1731410,2,19921,64,18898882,189,3709577,0,0
46,i01r01c03s01,2,276690,2,13437,2,59086,2,632138,1,4786835,1,123662176,1,1337704,1,503836,2,6428805,2,7809,1,2201758,2,6893,2,8359938,2,3132,2,2060899,2,27835,64,16966098,189,3658848,0,0
47,i01r01c03s01,2,274133,2,12956,2,43026,2,350727,1,1875572,1,123315926,1,1429349,1,215072,2,3604720,2,12601,1,2154883,2,3675,2,6722490,2,2719,2,1306852,2,18080,64,19758722,189,3658798,0,0
48,i01r01c03s02,2,316775,2,15282,2,40901,2,341486,1,2333750,1,126599459,1,1196901,1,258257,2,3884184,2,6905,1,2157789,2,4304,2,8505033,2,2023,2,1556021,2,18761,64,19330210,189,3598453,0,0
49,i01r01c03s02,2,266624,2,12820,2,41565,2,725934,1,3912326,1,125756924,1,1110938,1,192729,2,5314744,2,8147,1,2160381,2,6897,2,8217087,2,2557,2,1732458,2,19459,64,18915926,189,3848342,0,0
50,i01r01c03s02,2,269333,2,13419,2,36727,2,385711,1,2507753,1,127075971,1,1407806,1,219351,2,4210358,2,6186,1,2173774,2,3471,2,7570386,2,2284,2,2001851,2,18657,64,19490642,189,3604235,0,0
51,i01r01c03s02,2,269832,2,13358,2,39362,2,789104,1,3420159,1,126670091,1,1250425,1,239291,2,4966128,2,7358,1,2188616,2,3955,2,7921379,2,2646,2,3110185,2,19381,64,19798607,189,3664568,0,0
52,i01r01c03s02,2,262455,2,13629,2,37943,2,885514,1,2881645,1,126789398,1,1312341,1,204430,2,4481568,2,6024,1,2157036,2,3577,2,7743102,2,2753,2,2637307,2,20330,64,19525870,189,3604250,0,0
53,i01r01c03s02,2,271633,2,13458,2,39992,2,470108,1,2428647,1,123158997,1,1288077,1,196687,2,4013694,2,7308,1,2156398,2,4116,2,7485458,2,2538,2,2593531,2,19760,64,19091559,189,3576450,0,0
54,i01r01c03s02,2,272713,2,13408,2,36760,2,781700,1,2873847,1,125353697,1,1364668,1,424292,2,4536993,2,5845,1,2206748,2,3454,2,7766517,2,2353,2,2657895,2,18955,64,17705150,189,3622646,0,0
55,i01r01c03s02,2,274011,2,14029,2,50536,2,494207,1,3998556,1,124681582,1,1356529,1,198165,2,5656542,2,5675,1,2155271,2,3632,2,7472481,2,2197,2,2127127,2,19650,64,19807693,189,3652590,0,0
56,i01r01c03s02,2,261650,2,13250,2,40551,2,1101745,1,3104109,1,126474795,1,1268035,1,231400,2,4659473,2,6769,1,2206739,2,3848,2,7642179,2,2860,2,2539145,2,18134,64,16832081,189,3596634,0,0
57,i01r01c03s02,2,271860,2,13151,2,42029,2,478513,1,3409195,1,123114627,1,1238200,1,216320,2,4944746,2,7915,1,2189596,2,3862,2,7803144,2,2737,2,1869421,2,18097,64,19492765,189,3665510,0,0
58,i01r01c03s02,2,277057,2,12900,2,42565,2,588630,1,3852308,1,126839580,1,1247798,1,224400,2,5403363,2,6535,1,2204680,2,3355,2,7344239,2,2527,2,1329523,2,17490,64,17440854,189,3560249,0,0
59,i01r01c03s02,2,278477,2,13557,2,41486,2,288610,1,3038385,1,126678262,1,1168345,1,230313,2,4511133,2,6110,1,2188539,2,3976,2,7735046,2,2386,2,1491078,2,20111,64,19772850,189,3659036,0,0
60,i01r01c03s02,2,269046,2,13546,2,40900,2,543138,1,2682060,1,124988384,1,1320094,1,215774,2,4297615,2,7872,1,2209738,2,4048,2,7787804,2,2171,2,2015648,2,18616,64,17546217,189,3558685,0,0
61,i01r01c03s02,2,270579,2,13384,2,37753,2,534896,1,3800609,1,126118112,1,1382632,1,196889,2,5478958,2,7026,1,2194769,2,4869,2,7785499,2,2429,2,2124164,2,19272,64,19712824,189,3521034,0,0
62,i01r01c03s02,2,265513,2,13364,2,40227,2,709787,1,3388869,1,126807527,1,1237899,1,223136,2,4918732,2,7395,1,2157235,2,3576,2,7485242,2,2285,2,2221998,2,19562,64,19018707,189,3588285,0,0
63,i01r01c03s02,2,278093,2,13602,2,44217,2,495872,1,3669142,1,125884708,1,1122082,1,301353,2,5096310,2,8290,1,2194942,2,4973,2,7661952,2,2421,2,2063227,2,19543,64,20058087,189,3696210,0,0
64,i01r01c03s02,2,258936,2,13476,2,50818,2,781965,1,3052000,1,127686826,1,1159056,1,192365,2,4496234,2,9056,1,2210794,2,4349,2,9595327,2,2955,2,2786562,2,21269,64,17311281,189,3619852,0,0
65,i01r01c03s02,2,257868,2,13633,2,41912,2,278037,1,1587960,1,126653103,1,1308050,1,197569,2,3180247,2,10481,1,2158805,2,3496,2,7144107,2,2342,2,2129056,2,17750,64,19848591,189,3632823,0,0
66,i01r01c03s02,2,269570,2,13871,2,41887,2,1068487,1,3039784,1,127150765,1,1229106,1,475443,2,4566901,2,6517,1,2202019,2,3436,2,7634382,2,3032,2,2027871,2,16614,64,16696989,189,3615568,0,0
67,i01r01c03s02,2,269840,2,13805,2,41495,2,383599,1,3582456,1,125264297,1,1374485,1,192573,2,5253607,2,7585,1,2155426,2,3437,2,8249922,2,2107,2,1392258,2,17963,64,19801861,189,3634423,0,0
68,i01r01c03s02,2,273008,2,13836,2,40245,2,650580,1,4050641,1,124579890,1,1310895,1,229854,2,5661398,2,11012,1,2209939,2,3631,2,7535859,2,2525,2,2073945,2,20025,64,17320903,189,3652475,0,0
69,i01r01c03s02,2,268980,2,13937,2,40120,2,745510,1,3481157,1,123798075,1,1089197,1,223112,2,4864604,2,8008,1,2159765,2,4001,2,7533038,2,2308,2,2759377,2,18623,64,19906592,189,3688579,0,0
70,i01r01c03s02,2,262377,2,13529,2,39430,2,426516,1,1796128,1,127883065,1,1284748,1,324766,2,3368601,2,7541,1,2158037,2,3826,2,7221695,2,2610,2,3190666,2,18012,64,19031763,189,3576101,0,0
71,i01r01c03s02,2,276021,2,13110,2,40394,2,348766,1,3214520,1,128162627,1,1276784,1,241804,2,4793369,2,6545,1,2155613,2,4078,2,8598708,2,2662,2,1721879,2,18918,64,19898677,189,3688820,0,0
72,i01r01c03s02,2,272901,2,13977,2,47711,2,770955,1,3800731,1,127294382,1,1276942,1,213144,2,5377336,2,5390,1,2157769,2,5390,2,9652662,2,3578,2,3218423,2,24074,64,19941196,189,3686291,0,0
73,i01r01c03s02,2,277291,2,13293,2,37646,2,631416,1,4033399,1,124557441,1,1170651,1,209223,2,5506452,2,6515,1,2203364,2,3992,2,7652401,2,2735,2,2301479,2,19302,64,18072764,189,3542840,0,0
74,i01r01c03s02,2,277716,2,13501,2,38827,2,825959,1,3011160,1,122308441,1,1299524,1,223022,2,4613666,2,6980,1,2157885,2,3338,2,7664197,2,2845,2,2383557,2,19473,64,19526898,189,3628213,0,0
75,i01r01c03s02,2,281161,2,14660,2,39699,2,491713,1,3317301,1,126431243,1,1227910,1,240832,2,4853702,2,8854,1,2193554,2,3814,2,7894529,2,3449,2,1830641,2,20623,64,19619577,189,3673638,0,0
76,i01r01c03s02,2,275734,2,13865,2,38482,2,507618,1,2401725,1,127381181,1,1293072,1,205398,2,3996802,2,7622,1,2209619,2,3784,2,7412807,2,2131,2,2361768,2,17966,64,17498806,189,3575265,0,0
77,i01r01c03s02,2,266423,2,13227,2,40313,2,309028,1,1597016,1,127910199,1,1340317,1,216804,2,3229684,2,8284,1,2203198,2,7870,2,7369617,2,2252,2,2401201,2,18408,64,19904548,189,3851520,0,0
78,i01r01c03s02,2,272333,2,13589,2,41800,2,944200,1,2669238,1,122257962,1,1144506,1,699133,2,4111999,2,9695,1,2210945,2,4090,2,7755473,2,2679,2,2321030,2,18203,64,16776726,189,3628407,0,0
79,i01r01c03s02,2,276331,2,13459,2,41677,2,322336,1,3101341,1,126918658,1,1114390,1,226655,2,4518334,2,10279,1,2210996,2,4153,2,7870687,2,2477,2,1880023,2,16654,64,18228310,189,3604057,0,0
80,i01r01c03s02,2,261857,2,12970,2,36087,2,674615,1,3003752,1,125622518,1,1268136,1,263599,2,4558705,2,6795,1,2175417,2,3384,2,8638483,2,2323,2,2729126,2,17623,64,19662912,189,3579736,0,0
81,i01r01c03s02,2,277820,2,13371,2,41519,2,557565,1,2999393,1,125307643,1,1186988,1,204543,2,4491051,2,6652,1,2189467,2,3586,2,7923860,2,2541,2,2924473,2,21431,64,18824016,189,3665326,0,0
82,i01r01c03s02,2,280327,2,13655,2,40953,2,556738,1,3747065,1,127087317,1,1242623,1,454243,2,5295396,2,6140,1,2158325,2,4393,2,7456553,2,2232,2,1931546,2,18952,64,19432240,189,3594749,0,0
83,i01r01c03s02,2,285025,2,13741,2,45668,2,501365,1,2727805,1,121803635,1,1156562,1,229501,2,4196472,2,9266,1,2199861,2,3569,2,8646655,2,2499,2,2281586,2,18866,64,17624295,189,3773765,0,0
84,i01r01c03s02,2,275781,2,13678,2,41643,2,714085,1,3699303,1,121708187,1,1211753,1,224889,2,5212712,2,9026,1,2172287,2,3977,2,7445926,2,2880,2,2346097,2,17814,64,19574138,189,3540558,0,0
85,i01r01c03s02,2,266310,2,13439,2,43104,2,378504,1,3176410,1,127128894,1,1144921,1,220054,2,4614643,2,9536,1,2194272,2,7450,2,7685219,2,2601,2,1803143,2,18220,64,19933483,189,3919694,0,0
86,i01r01c03s02,2,301207,2,14883,2,41433,2,645003,1,3397858,1,127393677,1,1355494,1,743691,2,5081797,2,8005,1,2157113,2,3521,2,7657575,2,2446,2,2052180,2,17271,64,19840490,189,3641392,0,0
87,i01r01c03s02,2,282355,2,13251,2,41592,2,363207,1,3294986,1,126851627,1,1240727,1,327209,2,4843869,2,9042,1,2160268,2,3602,2,7904019,2,2194,2,1877505,2,18161,64,19749491,189,3673730,0,0
88,i01r01c03s02,2,265082,2,13100,2,38000,2,802674,1,2937214,1,128142672,1,1212455,1,230621,2,4439281,2,7305,1,2204705,2,3772,2,8437125,2,2111,2,2121314,2,17554,64,17700203,189,3647184,0,0
89,i01r01c03s02,2,279579,2,13353,2,38970,2,548152,1,2735391,1,124960239,1,1246061,1,231606,2,4285389,2,11037,1,2203755,2,3640,2,7882291,2,2146,2,1963973,2,19976,64,17009849,189,3698643,0,0
90,i01r01c03s02,2,271714,2,13608,2,39670,2,405110,1,1893841,1,123610792,1,1339725,1,227937,2,3530456,2,7501,1,2202042,2,3552,2,8584907,2,2323,2,2929812,2,17592,64,16659582,189,3585721,0,0
91,i01r01c03s02,2,300160,2,13201,2,46207,2,637144,1,3618777,1,127800972,1,1216961,1,219875,2,5161993,2,6654,1,2156817,2,3737,2,7802650,2,2544,2,2047782,2,19873,64,19699181,189,3705769,0,0
92,i01r01c03s02,2,266616,2,13147,2,41495,2,356334,1,2630214,1,125473295,1,1218021,1,223496,2,4139901,2,7026,1,2209052,2,3689,2,8374569,2,2347,2,1546623,2,18135,64,17543617,189,3588988,0,0
93,i01r01c03s02,2,275609,2,13222,2,42812,2,269346,1,2493170,1,127196302,1,1257211,1,224096,2,4051225,2,7415,1,2201164,2,4039,2,7467699,2,2919,2,1970158,2,22491,64,19892854,189,3685057,0,0
94,i01r01c03s02,2,275725,2,13558,2,39452,2,971482,1,2634321,1,128020744,1,1259256,1,555933,2,4195363,2,6475,1,2157794,2,3519,2,8446786,2,2403,2,2421894,2,17918,64,18965361,189,3633106,0,0
95,i01r01c03s02,2,268024,2,13256,2,42950,2,449339,1,2615656,1,125283659,1,1288920,1,352138,2,4199401,2,6758,1,2194361,2,4178,2,7826821,2,2618,2,2593671,2,19954,64,19317924,189,3676010,0,0
96,i01r01c02s05,2,251380,2,14063,2,43413,2,606870,1,3743611,1,128388308,1,1307053,1,259617,2,5329264,2,7883,1,2238854,2,8138,2,7085470,2,18680,2,2805181,2,18809,64,17271225,189,3927215,0,0
97,i01r01c02s05,2,259960,2,13411,2,42200,2,276968,1,3131708,1,128480308,1,1330615,1,270251,2,4747628,2,5912,1,2202175,2,3559,2,7379086,2,2347,2,1552810,2,20415,64,19565136,189,3740037,0,0
98,i01r01c02s05,2,263217,2,14166,2,45318,2,784154,1,3881392,1,128421639,1,1360616,1,383359,2,5533392,2,5269,1,2196852,2,4250,2,7656941,2,2420,2,1471695,2,19262,64,18557970,189,3767451,0,0
99,i01r01c02s05,2,265825,2,13322,2,39662,2,250553,1,2123603,1,127566182,1,1148884,1,203786,2,3564264,2,10122,1,2163991,2,3456,2,6962257,2,2401,2,1778020,2,18117,64,19713293,189,3602754,0,0
100,i01r01c02s05,2,257840,2,12772,2,39004,2,564955,1,3593553,1,128897898,1,1297351,1,230705,2,5172984,2,8029,1,2235700,2,4121,2,6908123,2,2627,2,1712452,2,18457,64,17152826,189,3619979,0,0
101,i01r01c02s05,2,297078,2,13377,2,42350,2,302961,1,1718987,1,130474349,1,1156046,1,211177,2,3197753,2,7261,1,2186359,2,4140,2,8106467,2,2837,2,1720947,2,19302,64,19615979,189,3693459,0,0
102,i01r01c02s05,2,264324,2,13071,2,38015,2,250981,1,1738223,1,127495056,1,1308668,1,536933,2,3337315,2,13429,1,2171669,2,3846,2,6563812,2,2157,2,1498021,2,16433,64,19537832,189,3577987,0,0
103,i01r01c02s05,2,265801,2,13637,2,46065,2,247869,1,2700979,1,129201895,1,1228193,1,333654,2,4222223,2,10546,1,2233756,2,4065,2,7007083,2,2317,2,1581338,2,17758,64,17918545,189,3723468,0,0
104,i01r01c02s05,2,260707,2,13280,2,59073,2,607822,1,3789180,1,129661709,1,1221364,1,225548,2,5299099,2,6531,1,2172000,2,4765,2,9213544,2,3090,2,1937415,2,22588,64,19323037,189,3583556,0,0
105,i01r01c02s05,2,271431,2,13851,2,46773,2,298125,1,3743284,1,129549364,1,1394978,1,223027,2,5438136,2,7057,1,2240282,2,7784,2,7306649,2,3017,2,1629346,2,22289,64,17585137,189,4034757,0,0
106,i01r01c02s05,2,265584,2,13184,2,41545,2,550660,1,2615499,1,130034646,1,1314430,1,557393,2,4221561,2,7434,1,2171888,2,7205,2,6880063,2,2213,2,1552137,2,16870,64,18457263,189,3863077,0,0
107,i01r01c02s05,2,271772,2,15066,2,40460,2,315035,1,2994563,1,126257734,1,1148346,1,226410,2,4443497,2,9299,1,2186167,2,3756,2,7965295,2,2519,2,1756952,2,17959,64,19620922,189,3651854,0,0
108,i01r01c02s05,2,258577,2,13215,2,40810,2,580079,1,2695476,1,127268056,1,1296587,1,297283,2,4276987,2,5745,1,2169270,2,4130,2,6862204,2,2230,2,2390445,2,19981,64,18277472,189,3631806,0,0
109,i01r01c02s05,2,270940,2,15331,2,37835,2,321502,1,2532523,1,128040727,1,1143768,1,222177,2,3976169,2,7299,1,2188936,2,4077,2,6978926,2,2287,2,1847356,2,19557,64,18941420,189,3623336,0,0
110,i01r01c02s05,2,258461,2,13354,2,49713,2,580998,1,3871573,1,127472121,1,1210997,1,691986,2,5369038,2,8351,1,2199821,2,8052,2,8801562,2,2855,2,2008728,2,20676,64,19231399,189,3860799,0,0
111,i01r01c02s05,2,271684,2,13472,2,50502,2,374419,1,3992609,1,128235806,1,1191663,1,311405,2,5482909,2,6601,1,2190188,2,3449,2,7271002,2,2783,2,1680391,2,18333,64,20081437,189,3710742,0,0
112,i01r01c02s05,2,251122,2,13807,2,40431,2,603435,1,3547707,1,126412091,1,1446234,1,203360,2,5271591,2,5996,1,2171574,2,4295,2,6820216,2,2395,2,1756250,2,17389,64,19141692,189,3615919,0,0
113,i01r01c02s05,2,281325,2,14931,2,39779,2,264625,1,3466265,1,128159195,1,1343616,1,197459,2,5120116,2,6818,1,2167318,2,4213,2,7897567,2,2468,2,1674199,2,18362,64,19394959,189,3702173,0,0
114,i01r01c02s05,2,262867,2,13017,2,39454,2,349700,1,2710665,1,129499561,1,1185197,1,407617,2,4182773,2,8153,1,2171132,2,3910,2,7591397,2,2705,2,1535251,2,19088,64,19003256,189,3657555,0,0
115,i01r01c02s05,2,269480,2,13547,2,41547,2,349384,1,2162435,1,129328292,1,1204841,1,210063,2,3662790,2,8008,1,2170256,2,4084,2,7700190,2,1948,2,2228762,2,17864,64,19572418,189,3758464,0,0
116,i01r01c02s05,2,276476,2,13646,2,41003,2,589870,1,3739219,1,129349024,1,1265521,1,223142,2,5306400,2,5695,1,2171322,2,4006,2,7686802,2,2689,2,1568604,2,17700,64,19119249,189,3607069,0,0
117,i01r01c02s05,2,266456,2,13591,2,40509,2,367236,1,3116374,1,130228457,1,1231796,1,208249,2,4639589,2,7512,1,2173880,2,3768,2,7331492,2,2591,2,1594346,2,17194,64,19808422,189,3671264,0,0
118,i01r01c02s05,2,261445,2,12979,2,40207,2,404612,1,3346759,1,126523450,1,1259694,1,477787,2,4893345,2,7703,1,2172110,2,3885,2,6995481,2,2495,2,1801191,2,20116,64,19336460,189,3646252,0,0
119,i01r01c02s05,2,262989,2,13650,2,40020,2,351927,1,3997450,1,128549232,1,1188946,1,248287,2,5475644,2,6724,1,2168813,2,4347,2,7300438,2,2268,2,1765984,2,19703,64,19969146,189,3641363,0,0
120,i01r01c02s05,2,260440,2,14075,2,46357,2,570993,1,3900227,1,126739156,1,1248863,1,234400,2,5436862,2,5721,1,2236486,2,4430,2,8554340,2,2926,2,2058365,2,24177,64,17386478,189,3780885,0,0
121,i01r01c02s05,2,285565,2,14957,2,42916,2,416754,1,3046793,1,129407699,1,1197070,1,217828,2,4557395,2,8982,1,2170460,2,4408,2,8232416,2,2252,2,1570568,2,18813,64,19640847,189,3686980,0,0
122,i01r01c02s05,2,269859,2,13191,2,45819,2,360174,1,3127749,1,128627935,1,1156610,1,205908,2,4581252,2,7024,1,2170971,2,3798,2,9624419,2,2460,2,2361918,2,19809,64,19017691,189,3708209,0,0
123,i01r01c02s05,2,271450,2,13473,2,41238,2,452178,1,3107253,1,129040650,1,1380893,1,237297,2,4785180,2,6868,1,2225957,2,4464,2,7443079,2,2718,2,1856826,2,19048,64,17854457,189,3745312,0,0
124,i01r01c02s05,2,264329,2,13414,2,39519,2,274992,1,1726357,1,127992888,1,1186836,1,240921,2,3203939,2,6908,1,2234763,2,3587,2,7588430,2,2435,2,1822401,2,18816,64,17075604,189,3633892,0,0
125,i01r01c02s05,2,293426,2,13249,2,43727,2,440039,1,3298558,1,128131216,1,1274214,1,240137,2,4892199,2,8248,1,2168484,2,3695,2,7510255,2,2824,2,2191053,2,21234,64,19813489,189,3751029,0,0
126,i01r01c02s05,2,263817,2,13377,2,39579,2,279046,1,3305142,1,128938057,1,1381378,1,342120,2,4975003,2,7845,1,2169571,2,3992,2,7875260,2,2261,2,1721648,2,18308,64,19398826,189,3582586,0,0
127,i01r01c02s05,2,259754,2,13558,2,37861,2,287563,1,2609852,1,130268878,1,1299233,1,244271,2,4193757,2,6853,1,2220049,2,4437,2,8309719,2,2252,2,1717363,2,19213,64,17919463,189,3686225,0,0
128,i01r01c02s05,2,263834,2,13312,2,41596,2,323252,1,2772472,1,128486689,1,1219508,1,202518,2,4280874,2,6710,1,2172874,2,3486,2,7789394,2,2569,2,1635735,2,18635,64,19150878,189,3653506,0,0
129,i01r01c02s05,2,270297,2,13082,2,39804,2,342269,1,3259111,1,128462985,1,1189130,1,202497,2,4743645,2,5196,1,2197579,2,4140,2,8073130,2,2885,2,1752251,2,20019,64,19714914,189,3715083,0,0
130,i01r01c02s05,2,262177,2,13532,2,43451,2,486521,1,4202847,1,129958289,1,1254559,1,582494,2,5746054,2,8163,1,2171723,2,3396,2,6970670,2,2669,2,1586105,2,19409,64,18505189,189,3569347,0,0
131,i01r01c02s05,2,270367,2,13168,2,39658,2,509989,1,3336100,1,129281355,1,1233973,1,209090,2,4865457,2,7021,1,2174831,2,4060,2,7323977,2,2633,2,1618716,2,18409,64,19072641,189,3631541,0,0
132,i01r01c02s05,2,253502,2,13559,2,40995,2,862062,1,3630252,1,127302045,1,1288195,1,218298,2,5198701,2,6172,1,2171674,2,3961,2,6972740,2,2399,2,1662516,2,18009,64,18352747,189,3571064,0,0
133,i01r01c02s05,2,270989,2,13890,2,41089,2,526407,1,4036974,1,129895364,1,1261024,1,217327,2,5595074,2,6203,1,2168514,2,3548,2,7090732,2,2631,2,1979298,2,18281,64,19104040,189,3680816,0,0
134,i01r01c02s05,2,267564,2,14162,2,42607,2,294204,1,2220043,1,128160291,1,1375879,1,431751,2,3890420,2,6436,1,2172660,2,3528,2,6577943,2,2365,2,1777057,2,17941,64,19370163,189,3594235,0,0
135,i01r01c02s05,2,277642,2,13167,2,42866,2,315146,1,2113636,1,126231682,1,1246552,1,253550,2,3663323,2,6146,1,2176495,2,3834,2,7144242,2,2274,2,1978986,2,19394,64,20095443,189,3720626,0,0
136,i01r01c02s05,2,263670,2,13061,2,40863,2,468373,1,3521509,1,127357869,1,1351937,1,213956,2,5162066,2,10197,1,2171666,2,3197,2,6916512,2,2771,2,1644702,2,17811,64,19287111,189,3585263,0,0
137,i01r01c02s05,2,265422,2,13532,2,41840,2,293288,1,1123643,1,129949784,1,1228619,1,226115,2,2642563,2,9437,1,2171935,2,4116,2,6706703,2,2546,2,1693864,2,18080,64,19506456,189,3570015,0,0
138,i01r01c02s05,2,261718,2,12906,2,37885,2,231310,1,1440312,1,129204522,1,1373027,1,298905,2,3100566,2,7447,1,2169321,2,3679,2,7339169,2,2578,2,1731621,2,17970,64,19340565,189,3536609,0,0
139,i01r01c02s05,2,271713,2,14147,2,45592,2,432539,1,3658928,1,130027463,1,1203277,1,235547,2,5160453,2,9137,1,2219916,2,3875,2,7324071,2,2877,2,1641258,2,19486,64,17001880,189,3681436,0,0
140,i01r01c02s05,2,257969,2,13327,2,39776,2,672433,1,3518513,1,126913675,1,1441923,1,310308,2,5243474,2,6856,1,2167943,2,3828,2,6842829,2,2333,2,1635662,2,18306,64,19139043,189,3595453,0,0
141,i01r01c02s05,2,272483,2,13365,2,47128,2,275462,1,3643869,1,129677270,1,1169973,1,208361,2,5113042,2,6284,1,2167484,2,3630,2,7242411,2,2302,2,1598953,2,18268,64,19727774,189,3649492,0,0
142,i01r01c02s05,2,269132,2,13114,2,41283,2,361709,1,2657367,1,128533342,1,1317703,1,508256,2,4268788,2,8889,1,2167859,2,3940,2,7630556,2,2313,2,1495662,2,17649,64,19641269,189,3611084,0,0
143,i01r01c02s05,2,270144,2,13168,2,44036,2,319165,1,1190627,1,128036084,1,1275169,1,304901,2,2762687,2,7993,1,2211696,2,4655,2,7215423,2,2407,2,2613686,2,20071,64,17981186,189,3729384,0,0
144,i01r01c02s06,2,260285,2,13601,2,42150,2,499729,1,3782634,1,125792986,1,1359570,1,229179,2,5428579,2,7666,1,2223027,2,3823,2,6680814,2,2963,2,1857109,2,18790,64,16708987,189,3575064,0,0
145,i01r01c02s06,2,270017,2,15166,2,44462,2,357165,1,3851412,1,126482078,1,1164033,1,259390,2,5314040,2,6468,1,2163652,2,3903,2,7310548,2,2400,2,1980736,2,18491,64,19583029,189,3613097,0,0
146,i01r01c02s06,2,262420,2,13309,2,38726,2,456646,1,1956231,1,125775167,1,1363660,1,776569,2,3607867,2,7338,1,2168500,2,4028,2,6768612,2,2304,2,2720319,2,18006,64,18625372,189,3571456,0,0
147,i01r01c02s06,2,276099,2,13466,2,43934,2,526557,1,2737107,1,123490089,1,1400855,1,238570,2,4440254,2,7533,1,2219909,2,4488,2,7316619,2,2246,2,2135706,2,20614,64,17623159,189,3700780,0,0
148,i01r01c02s06,2,275802,2,13225,2,42149,2,504527,1,5525877,1,122918256,1,1375932,1,229680,2,7204036,2,5949,1,2162006,2,3958,2,6592186,2,2737,2,2380320,2,19801,64,19109186,189,3608238,0,0
149,i01r01c02s06,2,267169,2,12724,2,42062,2,420511,1,2852896,1,124505778,1,1297226,1,221253,2,4443060,2,5573,1,2162827,2,3786,2,7653865,2,2987,2,1847433,2,20118,64,19710277,189,3671278,0,0
150,i01r01c02s06,2,273463,2,12893,2,38808,2,264849,1,3504997,1,124525119,1,1394492,1,683075,2,5198423,2,6760,1,2168643,2,21531,2,6646082,2,2197,2,2084861,2,17793,64,19476702,189,3542500,0,0
151,i01r01c02s06,2,282740,2,13589,2,41836,2,481526,1,3851422,1,123074229,1,1206706,1,305282,2,5367567,2,7384,1,2162974,2,3614,2,8998362,2,2702,2,3140912,2,20473,64,19683101,189,3639370,0,0
152,i01r01c02s06,2,255812,2,13420,2,39683,2,315915,1,1472220,1,123088781,1,1404187,1,226397,2,3157955,2,6904,1,2165111,2,3179,2,6630968,2,2664,2,2414248,2,18230,64,19371711,189,3552404,0,0
153,i01r01c02s06,2,275676,2,12898,2,38417,2,400410,1,1895944,1,125283618,1,1177528,1,219776,2,3374157,2,7524,1,2166734,2,3560,2,7110325,2,2725,2,2546857,2,18009,64,18611161,189,3720198,0,0
154,i01r01c02s06,2,263136,2,13543,2,42358,2,251922,1,1590712,1,124326896,1,1297887,1,221800,2,3178062,2,7386,1,2165097,2,3574,2,6608489,2,2855,2,2179631,2,18806,64,19128878,189,3686780,0,0
155,i01r01c02s06,2,276226,2,14687,2,40623,2,360129,1,2638367,1,124740573,1,1345813,1,218315,2,4287622,2,5839,1,2166600,2,3750,2,8055177,2,2213,2,2146412,2,18905,64,19533530,189,3615557,0,0
156,i01r01c02s06,2,267862,2,13121,2,42490,2,313539,1,2737840,1,125738316,1,1366612,1,254312,2,4398319,2,6453,1,2218187,2,3637,2,7384222,2,2435,2,1949362,2,20477,64,17430644,189,3636320,0,0
157,i01r01c02s06,2,278079,2,12930,2,42618,2,461398,1,2864066,1,124991602,1,1162940,1,260159,2,4330544,2,8786,1,2207664,2,4187,2,7258527,2,2861,2,2074593,2,19082,64,16748441,189,3668333,0,0
158,i01r01c02s06,2,276671,2,13331,2,39082,2,306591,1,2364585,1,122843353,1,1162361,1,519774,2,3829385,2,7950,1,2168933,2,4036,2,6702421,2,2673,2,2176714,2,18798,64,19299362,189,3684083,0,0
159,i01r01c02s06,2,270249,2,13949,2,40868,2,317053,1,2115144,1,125086800,1,1374537,1,348512,2,3786371,2,7717,1,2167691,2,3716,2,7212904,2,2435,2,2222957,2,19532,64,19637213,189,3691553,0,0
160,i01r01c02s06,2,263671,2,12719,2,40733,2,396997,1,2003478,1,123035489,1,1432299,1,210523,2,3725866,2,7653,1,2211195,2,3739,2,7558595,2,1997,2,2166392,2,20564,64,16688539,189,3606468,0,0
161,i01r01c02s06,2,264267,2,13436,2,50146,2,409478,1,2737560,1,122863460,1,1339836,1,209436,2,4368435,2,7657,1,2166693,2,7041,2,8127774,2,2327,2,2031811,2,19472,64,19495875,189,3935559,0,0
162,i01r01c02s06,2,274086,2,13008,2,43327,2,339939,1,3127444,1,125132688,1,1285052,1,584416,2,4711709,2,6352,1,2161910,2,4150,2,6661399,2,2728,2,2193941,2,18906,64,19049083,189,3642534,0,0
163,i01r01c02s06,2,269915,2,13249,2,42608,2,266739,1,2499120,1,123229997,1,1417256,1,194341,2,4211448,2,8467,1,2162557,2,4096,2,7155204,2,2588,2,1912229,2,20470,64,19712383,189,3699199,0,0
164,i01r01c02s06,2,261091,2,13229,2,45813,2,387782,1,4719446,1,124397899,1,1416560,1,208568,2,6424469,2,8173,1,2165580,2,3621,2,6684817,2,3026,2,2463114,2,19607,64,19032221,189,3673429,0,0
165,i01r01c02s06,2,268443,2,12820,2,40856,2,281389,1,1672936,1,123863886,1,1399593,1,197903,2,3366134,2,11636,1,2165806,2,4272,2,7067703,2,2686,2,1935597,2,19893,64,19428495,189,3660276,0,0
166,i01r01c02s06,2,269094,2,12803,2,45342,2,378106,1,4051477,1,126684168,1,1128976,1,520908,2,5476383,2,8497,1,2165771,2,4329,2,6662964,2,3031,2,2298323,2,18873,64,19567911,189,3621641,0,0
167,i01r01c02s06,2,271666,2,13002,2,36937,2,380854,1,4948496,1,125910466,1,1336482,1,326714,2,6581858,2,6758,1,2161531,2,3511,2,7863965,2,3298,2,1967142,2,19165,64,20106550,189,3617339,0,0
168,i01r01c02s06,2,272254,2,14191,2,38607,2,418581,1,4843104,1,126115766,1,1285145,1,228161,2,6427869,2,6885,1,2214142,2,4335,2,6592510,2,2636,2,2483760,2,21057,64,17524482,189,3580369,0,0
169,i01r01c02s06,2,268955,2,13337,2,39419,2,278771,1,3228198,1,123464679,1,1069854,1,213221,2,4593622,2,8295,1,2165161,2,3746,2,8052140,2,3340,2,1567854,2,18079,64,19526758,189,3602085,0,0
170,i01r01c02s06,2,269551,2,14116,2,39713,2,439065,1,3073236,1,123286835,1,1418383,1,519697,2,4788381,2,7269,1,2166392,2,3968,2,6625544,2,2211,2,2962060,2,19629,64,19283611,189,3627901,0,0
171,i01r01c02s06,2,272094,2,13618,2,38833,2,319126,1,3959696,1,124137095,1,1152245,1,205725,2,5410176,2,8963,1,2166213,2,3960,2,7309205,2,2590,2,2513662,2,18999,64,19313433,189,3617136,0,0
172,i01r01c02s06,2,263675,2,12791,2,39831,2,333054,1,2798247,1,123395300,1,1291665,1,202210,2,4379905,2,6893,1,2163430,2,4054,2,6669715,2,2279,2,2155062,2,18710,64,19342657,189,3532390,0,0
173,i01r01c02s06,2,274817,2,13675,2,39308,2,360385,1,3756429,1,125273667,1,1351921,1,273068,2,5409188,2,6037,1,2218000,2,7798,2,7263610,2,2760,2,2404185,2,24880,64,17755178,189,3959662,0,0
174,i01r01c02s06,2,270012,2,13947,2,40627,2,439220,1,4680564,1,124980137,1,1299917,1,253059,2,6276951,2,10321,1,2168160,2,3815,2,6612337,2,2291,2,2858920,2,18597,64,19712528,189,3564992,0,0
175,i01r01c02s06,2,265335,2,13998,2,37820,2,423920,1,4791858,1,126022815,1,1414194,1,319527,2,6498175,2,8351,1,2213072,2,4441,2,7767136,2,2774,2,2827755,2,18673,64,18033876,189,3707499,0,0
176,i01r01c02s06,2,253503,2,13287,2,39737,2,379296,1,5771925,1,123459358,1,1382835,1,227511,2,7434142,2,10587,1,2166687,2,3608,2,7367254,2,2241,2,2272952,2,18293,64,19272131,189,3685167,0,0
177,i01r01c02s06,2,273570,2,13642,2,44958,2,460869,1,5077171,1,124248306,1,1361928,1,211941,2,6742653,2,6103,1,2163707,2,4459,2,7068952,2,2712,2,2134964,2,22070,64,19572375,189,3582608,0,0
178,i01r01c02s06,2,264414,2,13466,2,35480,2,425469,1,3883778,1,124281545,1,1187687,1,571639,2,5361174,2,7600,1,2165340,2,3663,2,6616679,2,2156,2,3076389,2,18533,64,19115586,189,3516640,0,0
179,i01r01c02s06,2,279784,2,13008,2,37739,2,433205,1,4792474,1,123580162,1,1364028,1,229444,2,6462279,2,7009,1,2159169,2,4332,2,7069225,2,2820,2,2790861,2,21356,64,19720427,189,3671313,0,0
180,i01r01c02s06,2,267501,2,14718,2,41493,2,332543,1,5751605,1,125483264,1,1389994,1,231158,2,7436816,2,6257,1,2160533,2,4446,2,7178149,2,2434,2,2404368,2,19065,64,19035870,189,3633382,0,0
181,i01r01c02s06,2,272204,2,13692,2,41510,2,268515,1,3528990,1,122724198,1,1312296,1,237119,2,5139451,2,6642,1,2160342,2,3514,2,7131849,2,3202,2,2096330,2,22541,64,19640549,189,3777147,0,0
182,i01r01c02s06,2,268757,2,12976,2,42233,2,304927,1,2056653,1,123905327,1,1297326,1,491834,2,3647906,2,7268,1,2161224,2,3870,2,6697740,2,2405,2,2549036,2,19072,64,19613152,189,3650135,0,0
183,i01r01c02s06,2,302925,2,13927,2,40646,2,499233,1,2703514,1,126030037,1,1324987,1,339306,2,4357748,2,7222,1,2158033,2,4037,2,7149667,2,2230,2,2515800,2,20737,64,19847032,189,3712816,0,0
184,i01r01c02s06,2,273465,2,15107,2,51178,2,495360,1,5772157,1,125059192,1,1340081,1,230457,2,7416324,2,6941,1,2162128,2,4410,2,6507999,2,3396,2,2266367,2,19545,64,19529808,189,3646345,0,0
185,i01r01c02s06,2,274359,2,12770,2,40018,2,391800,1,5583818,1,126181978,1,1461400,1,224111,2,7344528,2,5878,1,2157560,2,4992,2,6885058,2,2395,2,2811473,2,23621,64,19529646,189,3670801,0,0
186,i01r01c02s06,2,270599,2,12686,2,36869,2,461824,1,4246117,1,125784604,1,1297737,1,219680,2,5838581,2,7004,1,2160486,2,4489,2,7449306,2,2279,2,2981543,2,18425,64,18592934,189,3524800,0,0
187,i01r01c02s06,2,268495,2,13073,2,41395,2,623676,1,2620202,1,124931628,1,1190711,1,216781,2,4104967,2,12198,1,2157597,2,3987,2,8121869,2,2388,2,2711808,2,17137,64,18898278,189,3654096,0,0
188,i01r01c02s06,2,262976,2,13075,2,38161,2,417374,1,2832864,1,124994908,1,1361280,1,263464,2,4483148,2,5988,1,2159942,2,3422,2,6742722,2,2180,2,3059426,2,17787,64,19231598,189,3562166,0,0
189,i01r01c02s06,2,271167,2,13405,2,38548,2,534357,1,2646421,1,125378289,1,1207505,1,232241,2,4151134,2,9786,1,2158515,2,3913,2,7247333,2,2345,2,2345935,2,18876,64,19615434,189,3674299,0,0
190,i01r01c02s06,2,262637,2,15497,2,42083,2,429784,1,2744706,1,125937431,1,1365523,1,698641,2,4401760,2,6159,1,2161142,2,3790,2,7575290,2,2451,2,2369005,2,18595,64,19351766,189,3610352,0,0
191,i01r01c02s06,2,277799,2,13529,2,58292,2,678729,1,4915672,1,124132764,1,1162813,1,264746,2,6384488,2,8085,1,2157404,2,5993,2,8661446,2,3446,2,3279141,2,29188,64,19911301,189,3674085,0,0
192,i01r01c02s07,2,255294,2,13290,2,37983,2,334661,1,2462562,1,123744313,1,1434325,1,234682,2,4178060,2,8326,1,2163048,2,3785,2,6970674,2,2465,2,2055395,2,17712,64,19176719,189,3605629,0,0
193,i01r01c02s07,2,262036,2,12754,2,40142,2,328896,1,1216265,1,120737895,1,1262939,1,201695,2,2766696,2,12213,1,2157791,2,3296,2,7681665,2,2570,2,2070039,2,19372,64,18806832,189,3712494,0,0
194,i01r01c02s07,2,266804,2,13545,2,38588,2,279590,1,2876858,1,123032948,1,1124352,1,281843,2,4293512,2,12151,1,2192697,2,4012,2,7157913,2,2599,2,1822551,2,21466,64,19288938,189,3728985,0,0
195,i01r01c02s07,2,260758,2,13320,2,44437,2,269441,1,2716458,1,123358358,1,1236067,1,202195,2,4239374,2,9699,1,2157854,2,3385,2,7976138,2,2626,2,1944675,2,17768,64,19769051,189,3645732,0,0
196,i01r01c02s07,2,260013,2,12900,2,42030,2,324997,1,2464971,1,123379445,1,1322930,1,238331,2,4072326,2,10289,1,2162142,2,4024,2,6753962,2,2125,2,1558213,2,17716,64,19150301,189,3610459,0,0
197,i01r01c02s07,2,268797,2,13708,2,41949,2,263915,1,2846094,1,122811886,1,1294089,1,221400,2,4434323,2,8578,1,2160498,2,3747,2,8266630,2,2616,2,1324251,2,18180,64,19849357,189,3770775,0,0
198,i01r01c02s07,2,254146,2,13273,2,37939,2,360722,1,2471587,1,123382864,1,1372214,1,241058,2,4123889,2,10331,1,2217090,2,3791,2,6759205,2,2182,2,2224314,2,21727,64,17692129,189,3681908,0,0
199,i01r01c02s07,2,261963,2,13798,2,51658,2,417518,1,3557621,1,122656166,1,1388452,1,246279,2,5236160,2,9439,1,2159922,2,4568,2,9117420,2,2819,2,1841331,2,22863,64,20052677,189,3703460,0,0
200,i01r01c02s07,2,256601,2,14225,2,40056,2,686498,1,3246690,1,124788061,1,1327892,1,237507,2,4858730,2,14077,1,2218431,2,3767,2,7101881,2,21319,2,1248900,2,18782,64,16797071,189,3702876,0,0
201,i01r01c02s07,2,265672,2,13697,2,64386,2,536003,1,3959518,1,123020621,1,1281060,1,220387,2,5533754,2,8190,1,2212060,2,5320,2,7937064,2,3105,2,1441177,2,21620,64,17437821,189,3731807,0,0
202,i01r01c02s07,2,264944,2,13158,2,39237,2,685015,1,3378157,1,122666181,1,1243123,1,241146,2,4911205,2,8341,1,2164472,2,7138,2,7878287,2,2394,2,1494483,2,22242,64,18469658,189,3897387,0,0
203,i01r01c02s07,2,271197,2,13064,2,42821,2,417408,1,3681019,1,122185320,1,1250558,1,254302,2,5227588,2,12320,1,2160213,2,3784,2,6969399,2,2631,2,1241987,2,17987,64,19851652,189,3748744,0,0
204,i01r01c02s07,2,280664,2,12434,2,41586,2,299940,1,2989095,1,124212078,1,1178136,1,236069,2,4472299,2,6151,1,2163155,2,3807,2,8282360,2,2544,2,1564775,2,18533,64,19160703,189,3716049,0,0
205,i01r01c02s07,2,275189,2,13438,2,41112,2,206206,1,1663830,1,121897660,1,1388186,1,208786,2,3353151,2,9896,1,2160665,2,3225,2,6427217,2,2096,2,1473645,2,18268,64,19640992,189,3645377,0,0
206,i01r01c02s07,2,278562,2,13514,2,39040,2,386839,1,3227414,1,123193817,1,1278162,1,248540,2,4810462,2,7163,1,2188501,2,3689,2,7343026,2,2567,2,1708982,2,18604,64,19406692,189,3657503,0,0
207,i01r01c02s07,2,271732,2,13619,2,41348,2,344505,1,2585248,1,123370004,1,1401637,1,259310,2,4283692,2,8133,1,2190988,2,3723,2,7090791,2,2329,2,1611449,2,17745,64,19983981,189,3726777,0,0
208,i01r01c02s07,2,254062,2,13348,2,41226,2,261239,1,1611769,1,123839889,1,1420860,1,205397,2,3311889,2,7696,1,2163822,2,3474,2,6654465,2,2531,2,1633175,2,19486,64,19375158,189,3659854,0,0
209,i01r01c02s07,2,271669,2,14197,2,40623,2,341625,1,3210687,1,123379477,1,1256786,1,269464,2,4766017,2,7988,1,2213615,2,3927,2,8196810,2,2691,2,1883995,2,19588,64,17544351,189,3812641,0,0
210,i01r01c02s07,2,278047,2,12676,2,39153,2,524097,1,3618485,1,123657759,1,1220423,1,342508,2,5141257,2,10175,1,2218868,2,7374,2,7242690,2,2949,2,1520753,2,19999,64,17130819,189,3925984,0,0
211,i01r01c02s07,2,269603,2,13515,2,44002,2,658795,1,3645763,1,122162850,1,1201531,1,204275,2,5142745,2,7859,1,2157554,2,3519,2,7941730,2,2350,2,1500678,2,18025,64,18963806,189,3662551,0,0
212,i01r01c02s07,2,257717,2,13869,2,40222,2,674778,1,3412797,1,122626949,1,1258189,1,214620,2,4955790,2,6366,1,2166351,2,6766,2,7120836,2,2648,2,1548092,2,23346,64,18383099,189,4021152,0,0
213,i01r01c02s07,2,269516,2,13872,2,46232,2,450008,1,3606965,1,122467874,1,1364568,1,211644,2,5268314,2,8556,1,2160627,2,3584,2,7295434,2,3701,2,1465568,2,19837,64,19688409,189,3721480,0,0
214,i01r01c02s07,2,268118,2,13354,2,42845,2,272776,1,2732729,1,121058523,1,1163617,1,217517,2,4189734,2,6134,1,2214499,2,3868,2,7320018,2,2614,2,1662204,2,17895,64,17556632,189,3590034,0,0
215,i01r01c02s07,2,268427,2,13762,2,41469,2,342114,1,2458325,1,123574216,1,1288662,1,316393,2,4040613,2,8458,1,2205793,2,4075,2,7058098,2,2249,2,1726894,2,18465,64,17890366,189,3729473,0,0
216,i01r01c02s07,2,266573,2,12891,2,43641,2,374780,1,4028557,1,124216727,1,1181184,1,207388,2,5501422,2,6094,1,2220375,2,4409,2,7169461,2,2504,2,1946137,2,19952,64,17770507,189,3593863,0,0
217,i01r01c02s07,2,260907,2,13172,2,39750,2,278670,1,2458897,1,123866560,1,1339940,1,246809,2,4084294,2,8142,1,2158010,2,3734,2,8023127,2,2263,2,1741775,2,18614,64,19449618,189,3735537,0,0
218,i01r01c02s07,2,267664,2,12989,2,41057,2,261997,1,2748530,1,124700143,1,1261996,1,233314,2,4302586,2,8992,1,2157839,2,3780,2,7187430,2,2611,2,1542847,2,19151,64,19437635,189,3656110,0,0
219,i01r01c02s07,2,285236,2,14112,2,38062,2,239008,1,3021291,1,123452148,1,1440048,1,206194,2,4772407,2,6571,1,2215476,2,4240,2,7027837,2,1962,2,1516960,2,19125,64,17649504,189,3731569,0,0
220,i01r01c02s07,2,280397,2,13563,2,42861,2,539428,1,3553837,1,123489773,1,1128568,1,202264,2,4988574,2,8773,1,2160061,2,4023,2,7885250,2,2758,2,1472114,2,18173,64,19304861,189,3569616,0,0
221,i01r01c02s07,2,269345,2,13115,2,51119,2,731802,1,3751709,1,122746103,1,1224957,1,212884,2,5272154,2,6756,1,2159119,2,4466,2,8733046,2,3299,2,1945304,2,22934,64,19010368,189,3648659,0,0
222,i01r01c02s07,2,265445,2,13951,2,38715,2,274490,1,2508628,1,123099758,1,1408599,1,333676,2,4208240,2,7755,1,2163324,2,3651,2,7365977,2,2396,2,1681011,2,18151,64,19385989,189,3551820,0,0
223,i01r01c02s07,2,274670,2,13509,2,44532,2,427767,1,3683082,1,123630736,1,1254986,1,240591,2,5238740,2,6729,1,2157298,2,3687,2,7717362,2,2448,2,1535133,2,19031,64,19799808,189,3703453,0,0
224,i01r01c02s07,2,259388,2,13343,2,40705,2,514869,1,3243761,1,123759193,1,1316284,1,206129,2,4844768,2,6593,1,2188879,2,7350,2,7383457,2,2556,2,1480629,2,25620,64,19393880,189,3840086,0,0
225,i01r01c02s07,2,273093,2,13746,2,37893,2,295352,1,3466948,1,122277363,1,1163832,1,246389,2,4929850,2,6422,1,2183386,2,4163,2,7889769,2,2226,2,1617315,2,18876,64,19444966,189,3651619,0,0
226,i01r01c02s07,2,265734,2,13001,2,48061,2,409055,1,3884072,1,124609690,1,1302681,1,313602,2,5477933,2,7634,1,2188610,2,4279,2,7303384,2,2359,2,1783964,2,19591,64,19056165,189,3537801,0,0
227,i01r01c02s07,2,259120,2,13246,2,43625,2,516151,1,3720454,1,122463696,1,1243899,1,193448,2,5249698,2,6883,1,2214957,2,3842,2,7168386,2,2519,2,1747559,2,18413,64,17498648,189,3663628,0,0
228,i01r01c02s07,2,261325,2,13995,2,39304,2,233456,1,1673898,1,121329691,1,1296290,1,217920,2,3258510,2,9263,1,2160018,2,3824,2,6470920,2,2868,2,1824420,2,16957,64,19004362,189,3547817,0,0
229,i01r01c02s07,2,271525,2,13096,2,37952,2,343333,1,2394530,1,122574003,1,1268923,1,269695,2,3959849,2,6511,1,2161939,2,3801,2,7381978,2,2235,2,1679368,2,18625,64,18995085,189,3704043,0,0
230,i01r01c02s07,2,269515,2,13630,2,39455,2,260347,1,2907207,1,122756241,1,1270459,1,367550,2,4473568,2,6950,1,2165382,2,3523,2,7098253,2,2575,2,1779832,2,17873,64,19327855,189,3605915,0,0
231,i01r01c02s07,2,270365,2,13158,2,42027,2,331129,1,3104341,1,123997856,1,1428735,1,317289,2,4827901,2,6756,1,2156918,2,4209,2,8187231,2,2803,2,1653895,2,20243,64,19713044,189,3651068,0,0
232,i01r01c02s07,2,254452,2,13364,2,42171,2,566401,1,3724046,1,122641463,1,1269701,1,215684,2,5274101,2,5893,1,2164629,2,3990,2,7987515,2,2342,2,2039192,2,19259,64,19414885,189,3599077,0,0
233,i01r01c02s07,2,268324,2,13585,2,43068,2,230610,1,3381826,1,123557068,1,1118969,1,275804,2,4795811,2,8623,1,2218563,2,4396,2,7162474,2,2611,2,1563045,2,17687,64,17608494,189,3641182,0,0
234,i01r01c02s07,2,268848,2,13348,2,60209,2,470314,1,3503966,1,121926113,1,1377544,1,499585,2,5175978,2,6049,1,2165793,2,3511,2,7208047,2,2487,2,1615925,2,17000,64,19383733,189,3592537,0,0
235,i01r01c02s07,2,276791,2,13581,2,44966,2,334106,1,4016213,1,121531728,1,1249372,1,215860,2,5568044,2,7451,1,2164680,2,4485,2,7013685,2,2767,2,1633524,2,21303,64,19594811,189,3694161,0,0
236,i01r01c02s07,2,262412,2,13304,2,37966,2,526049,1,3369379,1,123038125,1,1293537,1,229086,2,4949932,2,6741,1,2222625,2,3986,2,7347187,2,2723,2,1773982,2,18446,64,17237902,189,3590718,0,0
237,i01r01c02s07,2,269286,2,13215,2,40309,2,397254,1,2544525,1,122129513,1,1251161,1,200586,2,4089396,2,6428,1,2161377,2,3772,2,7068443,2,2246,2,1998789,2,18668,64,19588195,189,3643562,0,0
238,i01r01c02s07,2,273883,2,13426,2,39363,2,292959,1,2820235,1,121420156,1,1419298,1,256601,2,4538598,2,7301,1,2163606,2,4180,2,7042234,2,1834,2,1746941,2,17868,64,19432550,189,3476040,0,0
239,i01r01c02s07,2,272344,2,15417,2,41692,2,394571,1,3942154,1,123554686,1,1402625,1,241128,2,5644741,2,7380,1,2183026,2,3499,2,7791226,2,2640,2,1503081,2,19740,64,19801058,189,3658087,0,0
240,i01r01c02s08,2,295156,2,13262,2,64865,2,554131,1,3919266,1,124553371,1,1340236,1,254015,2,5584659,2,9508,1,2201403,2,5825,2,13300407,2,3047,2,2835588,2,27884,64,14387143,189,3897931,0,0
241,i01r01c02s08,2,309663,2,14048,2,47488,2,498838,1,4606135,1,123969722,1,1263041,1,266231,2,6206721,2,10451,1,2183715,2,4246,2,12710060,2,2849,2,2479612,2,22152,64,16966561,189,4028185,0,0
242,i01r01c02s08,2,299644,2,13530,2,43570,2,579051,1,4871930,1,124311728,1,1319498,1,254822,2,6530337,2,8264,1,2190918,2,4119,2,10740759,2,2987,2,2326857,2,19306,64,16270742,189,3881235,0,0
243,i01r01c02s08,2,288227,2,14257,2,64853,2,510229,1,4849320,1,123820878,1,1110015,1,257966,2,6278932,2,17916,1,2179501,2,5183,2,16253510,2,3851,2,2595190,2,21263,64,16718416,189,3992118,0,0
244,i01r01c02s08,2,309826,2,13453,2,45699,2,371696,1,2948665,1,123684898,1,1154014,1,271445,2,4439888,2,8223,1,2179276,2,4341,2,9915787,2,2355,2,2770905,2,20546,64,16849052,189,3962185,0,0
245,i01r01c02s08,2,303266,2,13472,2,52598,2,557852,1,4804081,1,124103921,1,1030150,1,272390,2,6167194,2,10358,1,2202372,2,4022,2,12831944,2,2630,2,2146010,2,20938,64,13542093,189,4051488,0,0
246,i01r01c02s08,2,309286,2,13492,2,48576,2,377621,1,3954839,1,123885813,1,1298903,1,271927,2,5590605,2,9119,1,2153377,2,4270,2,11397353,2,3083,2,2534393,2,20843,64,17336874,189,3877403,0,0
247,i01r01c02s08,2,319315,2,13020,2,56242,2,350647,1,2499514,1,123952579,1,1232736,1,403886,2,4080068,2,10719,1,2153636,2,4007,2,14545262,2,3078,2,3009944,2,21305,64,16902723,189,4031456,0,0
248,i01r01c02s08,2,299330,2,13552,2,47681,2,452678,1,3645787,1,125068823,1,1164385,1,278838,2,5137591,2,19661,1,2188483,2,4771,2,10757824,2,3069,2,1637376,2,20658,64,17061184,189,3950731,0,0
249,i01r01c02s08,2,294246,2,13524,2,61808,2,1018683,1,4727703,1,124843915,1,1068406,1,225916,2,6118810,2,9013,1,2149936,2,5492,2,14435153,2,4089,2,2610585,2,35559,64,16917433,189,4072315,0,0
250,i01r01c02s08,2,306927,2,13317,2,46179,2,441077,1,1185610,1,125655729,1,1266415,1,235287,2,2785923,2,11001,1,2152904,2,3921,2,9030586,2,3330,2,2755464,2,20467,64,16365940,189,3851881,0,0
251,i01r01c02s08,2,302424,2,13634,2,47542,2,614747,1,5266663,1,122844470,1,1043989,1,221299,2,6641921,2,8318,1,2154810,2,4814,2,12430458,2,3253,2,2682567,2,20839,64,16757668,189,4016339,0,0
252,i01r01c02s08,2,317554,2,13383,2,41765,2,606012,1,4437967,1,125625746,1,1306721,1,264589,2,6089843,2,8055,1,2151181,2,4432,2,11130394,2,3124,2,2191959,2,21794,64,17426346,189,4019978,0,0
253,i01r01c02s08,2,303027,2,13452,2,48034,2,299148,1,3449080,1,125284115,1,1294829,1,229155,2,5086318,2,11524,1,2189216,2,5490,2,12391923,2,2574,2,2729824,2,21518,64,16822720,189,4070350,0,0
254,i01r01c02s08,2,293752,2,28329,2,43347,2,709588,1,5034402,1,124480684,1,1207174,1,239740,2,6576978,2,8000,1,2153913,2,8249,2,11383587,2,2939,2,2748338,2,22160,64,16576295,189,4222556,0,0
255,i01r01c02s08,2,286219,2,14445,2,44352,2,786152,1,4009112,1,122972494,1,1214799,1,388659,2,5539187,2,8695,1,2162995,2,7749,2,12875063,2,3042,2,3542881,2,19796,64,16430118,189,4405678,0,0
256,i01r01c02s08,2,311968,2,13903,2,51607,2,302041,1,3304584,1,123993867,1,1371694,1,201559,2,5016834,2,8431,1,2154624,2,4009,2,11066211,2,2505,2,2425767,2,20374,64,16836229,189,3965468,0,0
257,i01r01c02s08,2,308310,2,13225,2,41183,2,296809,1,3328222,1,124828509,1,1230742,1,214677,2,4893501,2,9641,1,2149065,2,3689,2,13598629,2,2740,2,3051806,2,20978,64,17070052,189,4097697,0,0
258,i01r01c02s08,2,291990,2,13315,2,45600,2,395074,1,3553392,1,125206038,1,1148053,1,263962,2,5021900,2,8925,1,2159167,2,3939,2,11776577,2,2484,2,3115469,2,20207,64,16840505,189,3908957,0,0
259,i01r01c02s08,2,307589,2,13450,2,53875,2,472389,1,4031951,1,124112707,1,972084,1,218838,2,5341575,2,10791,1,2147519,2,4525,2,13020606,2,2867,2,3430017,2,22570,64,16655139,189,4178729,0,0
260,i01r01c02s08,2,286299,2,13479,2,44651,2,494299,1,4446916,1,122535576,1,1177643,1,214638,2,5938529,2,10402,1,2154333,2,4126,2,10589737,2,2923,2,2774838,2,21788,64,17202485,189,4009236,0,0
261,i01r01c02s08,2,294418,2,13317,2,49504,2,772104,1,5255932,1,123839563,1,1031571,1,216100,2,6609989,2,10099,1,2189642,2,3820,2,12356721,2,3044,2,3360629,2,22066,64,16269748,189,3977794,0,0
262,i01r01c02s08,2,297389,2,13801,2,53396,2,920694,1,4601463,1,122612044,1,1198869,1,269061,2,6127132,2,12566,1,2200696,2,4201,2,10544260,2,2953,2,3233807,2,22938,64,13568966,189,3990265,0,0
263,i01r01c02s08,2,297613,2,13761,2,52078,2,368900,1,2694186,1,122415411,1,1196734,1,322490,2,4215703,2,11894,1,2154121,2,4944,2,11436126,2,2686,2,4047287,2,20239,64,16877363,189,3928704,0,0
264,i01r01c02s08,2,301011,2,13097,2,47650,2,377487,1,3041303,1,124541078,1,1138191,1,219370,2,4508735,2,9561,1,2155380,2,4045,2,9995576,2,2561,2,3428378,2,20682,64,17176991,189,3939221,0,0
265,i01r01c02s08,2,284324,2,13971,2,44842,2,375626,1,2907987,1,123848950,1,1100671,1,242135,2,4320551,2,9448,1,2206712,2,4775,2,12623899,2,2552,2,2777331,2,19856,64,13111414,189,4054577,0,0
266,i01r01c02s08,2,333220,2,14187,2,47330,2,653743,1,3959428,1,124579800,1,1345531,1,302709,2,5701611,2,10594,1,2155130,2,4254,2,10847530,2,3045,2,3352825,2,23333,64,16967951,189,4002910,0,0
267,i01r01c02s08,2,291450,2,13884,2,48377,2,632731,1,5340357,1,124994357,1,1161029,1,229993,2,6820884,2,10403,1,2178155,2,4515,2,13149753,2,3013,2,3253440,2,21793,64,16918384,189,4057981,0,0
268,i01r01c02s08,2,290240,2,13164,2,44285,2,468339,1,1682958,1,125261063,1,1171208,1,248179,2,3171326,2,10991,1,2152245,2,3685,2,9185522,2,2896,2,4176419,2,21843,64,16019334,189,3960581,0,0
269,i01r01c02s08,2,305464,2,13733,2,42561,2,386685,1,3084530,1,124195243,1,1195812,1,217885,2,4612699,2,9512,1,2194012,2,4481,2,11710613,2,3172,2,4646038,2,19443,64,16896331,189,4029701,0,0
270,i01r01c02s08,2,348684,2,13717,2,42939,2,746937,1,3757919,1,124069879,1,1247861,1,265150,2,5382197,2,12812,1,2159714,2,3875,2,10712421,2,2801,2,3262927,2,18941,64,16359679,189,3985720,0,0
271,i01r01c02s08,2,290979,2,13647,2,47940,2,543958,1,5094940,1,125062855,1,1142710,1,277549,2,6555642,2,9851,1,2207533,2,4711,2,12811435,2,2428,2,2956897,2,21116,64,13835996,189,4013504,0,0
272,i01r01c02s08,2,283179,2,13746,2,45262,2,503162,1,4151619,1,123945860,1,1191758,1,247063,2,5656105,2,8447,1,2201187,2,4103,2,10469915,2,3078,2,3035673,2,20728,64,14127462,189,4055605,0,0
273,i01r01c02s08,2,291169,2,13005,2,43453,2,757938,1,4367571,1,124172176,1,1008306,1,274598,2,5694546,2,7565,1,2209412,2,4930,2,12924556,2,3341,2,3872388,2,21888,64,13717516,189,4130910,0,0
274,i01r01c02s08,2,295015,2,13456,2,40458,2,746197,1,4438903,1,122946787,1,1281181,1,233208,2,6041224,2,9314,1,2207681,2,8301,2,11519733,2,2752,2,3625755,2,20303,64,13998597,189,4131483,0,0
275,i01r01c02s08,2,277871,2,13696,2,42285,2,406652,1,4477951,1,124355703,1,1077545,1,235287,2,5860129,2,12571,1,2147763,2,4226,2,13422935,2,2512,2,3202551,2,22578,64,16470622,189,4108628,0,0
276,i01r01c02s08,2,292632,2,25956,2,42041,2,902385,1,4161309,1,122952559,1,1177139,1,232762,2,5671158,2,7987,1,2154031,2,4601,2,11529189,2,3170,2,3650102,2,23042,64,15964392,189,4118708,0,0
277,i01r01c02s08,2,292311,2,13318,2,42983,2,922628,1,3873670,1,124010495,1,1088450,1,265454,2,5280877,2,12037,1,2179499,2,3993,2,12769543,2,3400,2,3727155,2,21689,64,16185342,189,4115331,0,0
278,i01r01c02s08,2,289998,2,13392,2,49910,2,418135,1,4127419,1,124156978,1,1086500,1,256130,2,5531830,2,9433,1,2182853,2,4127,2,10611233,2,2530,2,3678884,2,22187,64,17217479,189,3936588,0,0
279,i01r01c02s08,2,358689,2,13604,2,42618,2,420567,1,2676180,1,124881785,1,1355350,1,283433,2,4418677,2,9152,1,2198504,2,4760,2,11932156,2,2720,2,3604497,2,20974,64,13315882,189,4000966,0,0
280,i01r01c02s08,2,282293,2,13372,2,46623,2,772236,1,4474662,1,124465502,1,1257980,1,263036,2,6042955,2,16421,1,2152076,2,4722,2,10702622,2,3011,2,3124306,2,20509,64,16973098,189,4018758,0,0
281,i01r01c02s08,2,296391,2,13865,2,46109,2,766075,1,4161465,1,124034240,1,1142660,1,217957,2,5626658,2,7710,1,2161251,2,4105,2,12863774,2,2447,2,3629584,2,23736,64,16503257,189,4024629,0,0
282,i01r01c02s08,2,286973,2,12936,2,41603,2,555632,1,4778369,1,123564882,1,1231313,1,227884,2,6323289,2,9209,1,2159409,2,4542,2,10424365,2,2607,2,3055600,2,19907,64,16754463,189,4016498,0,0
283,i01r01c02s08,2,290761,2,13790,2,40867,2,446247,1,4237441,1,122194032,1,1229338,1,250566,2,5783039,2,10721,1,2206320,2,4323,2,13303417,2,2641,2,3603667,2,22249,64,13945710,189,4063143,0,0
284,i01r01c02s08,2,317674,2,15079,2,42381,2,260455,1,2712947,1,123195150,1,1151454,1,242531,2,4211634,2,15053,1,2150140,2,3788,2,14305905,2,2800,2,2936018,2,20755,64,17135550,189,3915435,0,0
285,i01r01c02s08,2,292409,2,13672,2,43017,2,857224,1,4522739,1,123890278,1,1126214,1,224697,2,5969450,2,8759,1,2148328,2,5481,2,15360986,2,3647,2,4679388,2,25060,64,16635194,189,4051357,0,0
286,i01r01c02s08,2,280534,2,13982,2,43358,2,586622,1,3555536,1,121995291,1,1199991,1,264610,2,5063519,2,16068,1,2158682,2,4913,2,10372674,2,3187,2,3946842,2,20683,64,16659553,189,4029721,0,0
287,i01r01c02s08,2,280971,2,12914,2,42568,2,410423,1,3774599,1,122118946,1,1108088,1,445430,2,5190656,2,9384,1,2153516,2,4898,2,12576857,2,2892,2,3665644,2,19358,64,17018123,189,3958224,0,0
288,i01r01c02s09,2,270805,2,13455,2,39673,2,551324,1,3239288,1,122126570,1,1203329,1,215655,2,4740842,2,6885,1,2162546,2,4105,2,7321719,2,2694,2,2928205,2,19250,64,19073689,189,3668147,0,0
289,i01r01c02s09,2,280275,2,13804,2,39367,2,426150,1,2117844,1,121915257,1,1304915,1,220901,2,3728644,2,6600,1,2162234,2,3493,2,7038342,2,2441,2,2960884,2,18209,64,19326046,189,3651550,0,0
290,i01r01c02s09,2,286893,2,13285,2,37527,2,382388,1,2462714,1,123814388,1,1163168,1,536767,2,3938909,2,5701,1,2204105,2,4066,2,7226841,2,2366,2,3026640,2,20568,64,17374077,189,3636900,0,0
291,i01r01c02s09,2,290382,2,13470,2,43016,2,422654,1,3777414,1,123455526,1,1254572,1,228890,2,5349536,2,6054,1,2160558,2,3714,2,7801848,2,2987,2,1991251,2,19668,64,20090090,189,3772485,0,0
292,i01r01c02s09,2,289262,2,13197,2,47819,2,425864,1,3136359,1,124654036,1,1056857,1,226146,2,4510252,2,9284,1,2162608,2,3915,2,9250104,2,2382,2,2445025,2,19691,64,19164773,189,3748574,0,0
293,i01r01c02s09,2,278156,2,13598,2,42612,2,518326,1,4049148,1,124598642,1,1270453,1,222912,2,5623083,2,7224,1,2163428,2,4824,2,7075235,2,2321,2,2736480,2,20112,64,19993832,189,3624908,0,0
294,i01r01c02s09,2,263356,2,13498,2,40131,2,451391,1,1689634,1,123999446,1,1180042,1,352978,2,3159578,2,7198,1,2171088,2,3605,2,6857650,2,2237,2,3209022,2,19042,64,18762682,189,3560287,0,0
295,i01r01c02s09,2,274795,2,13425,2,39936,2,414104,1,3690554,1,123792585,1,1313624,1,399519,2,5304312,2,6213,1,2166886,2,3860,2,7188143,2,2442,2,2226622,2,20165,64,20226482,189,3689311,0,0
296,i01r01c02s09,2,266689,2,13066,2,39702,2,643093,1,3548643,1,123751077,1,1314719,1,229923,2,5157589,2,6038,1,2168006,2,3900,2,7169543,2,2728,2,2506888,2,18851,64,19259281,189,3665863,0,0
297,i01r01c02s09,2,275310,2,13351,2,39601,2,521468,1,3640844,1,124192885,1,1314895,1,223999,2,5256982,2,6027,1,2211538,2,8388,2,7180071,2,3235,2,2898524,2,20497,64,17919085,189,3973395,0,0
298,i01r01c02s09,2,265575,2,13224,2,41752,2,680685,1,3251848,1,124693260,1,1317460,1,196353,2,4860046,2,5956,1,2191739,2,4011,2,7241517,2,2330,2,2445445,2,20220,64,18953099,189,3653071,0,0
299,i01r01c02s09,2,274666,2,13809,2,55575,2,439667,1,3951036,1,124022530,1,1335141,1,246407,2,5588698,2,7673,1,2175110,2,5402,2,8658335,2,2423,2,2514587,2,21923,64,20244604,189,3722227,0,0
300,i01r01c02s09,2,274474,2,12806,2,38648,2,271596,1,2169136,1,123353137,1,1333673,1,227070,2,3802519,2,9279,1,2163368,2,3376,2,6928507,2,2337,2,1838463,2,18766,64,19090400,189,3659984,0,0
301,i01r01c02s09,2,274642,2,13576,2,50886,2,682258,1,3947919,1,122614091,1,1310034,1,223068,2,5558902,2,6213,1,2212857,2,4107,2,8941861,2,3377,2,2500985,2,23937,64,18220266,189,3676199,0,0
302,i01r01c02s09,2,265557,2,13630,2,39490,2,671932,1,3482489,1,124570588,1,1319955,1,242446,2,5094020,2,7431,1,2185450,2,3721,2,8049733,2,3018,2,1924667,2,17672,64,19204375,189,3632781,0,0
303,i01r01c02s09,2,266984,2,13272,2,37965,2,277397,1,1910899,1,122855975,1,1379319,1,406693,2,3582229,2,10899,1,2170415,2,3550,2,6951424,2,2334,2,2408695,2,18434,64,20548991,189,3647981,0,0
304,i01r01c02s09,2,265716,2,13523,2,41861,2,302312,1,3110613,1,123973051,1,1326091,1,220939,2,4729626,2,8106,1,2211158,2,3997,2,7457955,2,2467,2,2353533,2,19584,64,17067097,189,3629426,0,0
305,i01r01c02s09,2,272195,2,13386,2,39356,2,245318,1,2746227,1,122353169,1,1225014,1,198323,2,4269730,2,6790,1,2209719,2,3176,2,7022450,2,2288,2,1764869,2,18847,64,17628774,189,3659417,0,0
306,i01r01c02s09,2,278821,2,13610,2,41950,2,578679,1,4212806,1,125430650,1,1340595,1,435075,2,5858288,2,7147,1,2157495,2,3904,2,7187217,2,2381,2,2827369,2,19165,64,19054998,189,3654923,0,0
307,i01r01c02s09,2,262995,2,13966,2,44614,2,700535,1,3555984,1,124306521,1,1324680,1,206039,2,5171478,2,6952,1,2165187,2,4228,2,7190072,2,2174,2,1944853,2,20087,64,19291631,189,3604868,0,0
308,i01r01c02s09,2,271178,2,13238,2,39130,2,762826,1,3696474,1,122292000,1,1195392,1,256464,2,5189302,2,5703,1,2164716,2,7256,2,7823644,2,2223,2,1957184,2,24714,64,18885308,189,3959863,0,0
309,i01r01c02s09,2,274706,2,13094,2,44543,2,421623,1,3575790,1,123477363,1,1316506,1,262809,2,5194138,2,5490,1,2163381,2,3895,2,7180313,2,2450,2,2274722,2,19072,64,20032474,189,3622547,0,0
310,i01r01c02s09,2,283553,2,14377,2,42298,2,436666,1,2423985,1,123906456,1,1268672,1,298514,2,4003000,2,6463,1,2203489,2,4202,2,8219024,2,2501,2,2100454,2,19849,64,16663965,189,3653667,0,0
311,i01r01c02s09,2,264659,2,13333,2,45655,2,282319,1,2357130,1,124300472,1,1283539,1,310875,2,3932281,2,6063,1,2163000,2,6790,2,6916349,2,2505,2,2105786,2,22846,64,20212966,189,3914493,0,0
312,i01r01c02s09,2,271451,2,14064,2,39970,2,740099,1,3600623,1,122542216,1,1170367,1,231809,2,5069179,2,5985,1,2165155,2,3511,2,7357687,2,2692,2,2011991,2,18057,64,19297485,189,3621322,0,0
313,i01r01c02s09,2,277376,2,13253,2,39827,2,241824,1,1616787,1,124945332,1,1279872,1,210710,2,3200658,2,7788,1,2161806,2,3863,2,6968532,2,2386,2,1693173,2,20462,64,19922379,189,3698901,0,0
314,i01r01c02s09,2,271652,2,13415,2,40168,2,993501,1,3250627,1,124337845,1,1321825,1,256846,2,4869754,2,5248,1,2162451,2,3640,2,7179276,2,2467,2,2590514,2,19198,64,18458384,189,3582327,0,0
315,i01r01c02s09,2,282809,2,13851,2,53522,2,279597,1,1874804,1,124541470,1,1340716,1,193749,2,3524456,2,6163,1,2206583,2,3663,2,6967327,2,1968,2,2582083,2,18694,64,17972759,189,3682284,0,0
316,i01r01c02s09,2,257479,2,13291,2,37712,2,452251,1,2892881,1,122137254,1,1380382,1,249603,2,4557206,2,9568,1,2162632,2,4144,2,8256622,2,2587,2,2269476,2,19508,64,18284004,189,3598013,0,0
317,i01r01c02s09,2,270896,2,13846,2,37265,2,271778,1,2903462,1,122579163,1,1374618,1,257891,2,4575904,2,11710,1,2212996,2,3548,2,7137250,2,2608,2,1559425,2,18084,64,18097384,189,3715965,0,0
318,i01r01c02s09,2,285369,2,13532,2,43324,2,242815,1,1684687,1,124187084,1,1238920,1,230404,2,3234637,2,7316,1,2157472,2,3510,2,7610903,2,2810,2,1774196,2,19406,64,19143968,189,3648793,0,0
319,i01r01c02s09,2,271480,2,12670,2,47277,2,526600,1,3607894,1,125093296,1,1390692,1,318395,2,5296505,2,6719,1,2161701,2,4028,2,7185603,2,2334,2,1812114,2,20778,64,20201338,189,3638464,0,0
320,i01r01c02s09,2,267659,2,13698,2,39115,2,858838,1,3226623,1,122015705,1,1313318,1,235332,2,4833739,2,6278,1,2164336,2,3980,2,7267336,2,2546,2,1939569,2,18568,64,18253763,189,3710440,0,0
321,i01r01c02s09,2,266066,2,13728,2,37396,2,212058,1,2865302,1,124320254,1,1216415,1,210658,2,4373541,2,6221,1,2209823,2,3749,2,7821251,2,2706,2,1718152,2,19208,64,17966150,189,3639944,0,0
322,i01r01c02s09,2,267266,2,13195,2,37055,2,629269,1,3994398,1,125058937,1,1147065,1,205378,2,5434419,2,7438,1,2163533,2,3996,2,6960280,2,2610,2,1647786,2,17754,64,18267644,189,3546755,0,0
323,i01r01c02s09,2,281881,2,13709,2,45527,2,361590,1,3558188,1,124360950,1,1144937,1,207372,2,5012278,2,10320,1,2168614,2,4567,2,8925217,2,2755,2,1824131,2,22467,64,20046243,189,3654013,0,0
324,i01r01c02s09,2,256873,2,16475,2,39656,2,249089,1,1971439,1,123391470,1,1142001,1,221808,2,3404911,2,12580,1,2208572,2,3446,2,6745642,2,2326,2,1479482,2,17251,64,17003883,189,3585334,0,0
325,i01r01c02s09,2,268631,2,13503,2,38467,2,263327,1,2382710,1,125241625,1,1295909,1,229829,2,3972380,2,6943,1,2217629,2,4235,2,6928673,2,2587,2,1699148,2,18989,64,17918061,189,3666198,0,0
326,i01r01c02s09,2,271757,2,13600,2,54330,2,768552,1,3671397,1,123898725,1,1133215,1,202010,2,5104920,2,5453,1,2158160,2,5199,2,9024137,2,2799,2,2139736,2,21299,64,19308018,189,3516211,0,0
327,i01r01c02s09,2,278013,2,13979,2,39651,2,200010,1,2351032,1,124080842,1,1234530,1,286589,2,3889799,2,8633,1,2212431,2,3651,2,6739756,2,2027,2,1690743,2,17913,64,18194271,189,3663392,0,0
328,i01r01c02s09,2,264907,2,13704,2,43859,2,965874,1,3502546,1,123674152,1,1160916,1,223326,2,4954766,2,6556,1,2158732,2,3529,2,7152557,2,2674,2,1580891,2,18679,64,18641468,189,3622723,0,0
329,i01r01c02s09,2,270359,2,13457,2,50773,2,544672,1,3477589,1,122203088,1,1227780,1,227516,2,5003413,2,7016,1,2162121,2,4581,2,9059241,2,3110,2,2119119,2,20760,64,19960228,189,3599157,0,0
330,i01r01c02s09,2,268502,2,13639,2,39520,2,525454,1,3534219,1,124539790,1,1087711,1,353863,2,4916516,2,12404,1,2194340,2,3889,2,7832244,2,2693,2,1377058,2,19868,64,19282215,189,3628878,0,0
331,i01r01c02s09,2,264502,2,13316,2,38062,2,269785,1,1433497,1,123128045,1,1283920,1,226941,2,3006867,2,14189,1,2170695,2,3820,2,6830422,2,2600,2,1575822,2,18231,64,19891737,189,3615724,0,0
332,i01r01c02s09,2,266581,2,13556,2,40304,2,441834,1,3108879,1,123011691,1,1262497,1,227217,2,4663903,2,7090,1,2156321,2,4213,2,7462058,2,2513,2,1577205,2,19606,64,18952708,189,3616798,0,0
333,i01r01c02s09,2,270671,2,13582,2,47917,2,470942,1,4160808,1,125335888,1,1232497,1,196445,2,5691862,2,6270,1,2166326,2,4179,2,7102299,2,2964,2,1507406,2,18606,64,19325460,189,3616231,0,0
334,i01r01c02s09,2,276956,2,13576,2,42600,2,274093,1,3011973,1,125044166,1,1260192,1,195613,2,4574734,2,7117,1,2187074,2,4226,2,8156637,2,2553,2,1534242,2,18288,64,19136743,189,3617348,0,0
335,i01r01c02s09,2,269107,2,13505,2,46004,2,390087,1,3008392,1,124449046,1,1308224,1,238300,2,4613062,2,7010,1,2164966,2,3757,2,7092736,2,2249,2,1755304,2,36598,64,19553958,189,3623360,0,0
336,i01r01c02s10,2,244530,2,12817,2,40435,2,293650,1,3934716,1,125190732,1,1239713,1,208299,2,5444043,2,8886,1,2179968,2,3716,2,7191285,2,2741,2,1441887,2,20315,64,18853136,189,3394086,0,0
337,i01r01c02s10,2,258114,2,13645,2,38538,2,456693,1,3997450,1,122850373,1,1407420,1,205657,2,5688598,2,9772,1,2181559,2,4388,2,6769796,2,2407,2,1565654,2,17988,64,19476929,189,3417048,0,0
338,i01r01c02s10,2,262946,2,13410,2,42642,2,261721,1,2591313,1,124083002,1,1267686,1,444693,2,4147107,2,9180,1,2176169,2,3254,2,7598417,2,2759,2,1490652,2,18114,64,18768067,189,3370008,0,0
339,i01r01c02s10,2,262802,2,12959,2,38662,2,496958,1,2011352,1,123917305,1,1260911,1,227211,2,3559658,2,8204,1,2145451,2,3934,2,6630825,2,2396,2,1647274,2,18386,64,18863022,189,3464332,0,0
340,i01r01c02s10,2,259684,2,13325,2,41121,2,227046,1,2715731,1,124420153,1,1251771,1,218861,2,4251483,2,10223,1,2149043,2,3194,2,7080999,2,2369,2,1275935,2,17348,64,18639387,189,3420049,0,0
341,i01r01c02s10,2,264409,2,13443,2,48404,2,527777,1,3629366,1,124032539,1,1191815,1,194822,2,5111081,2,10841,1,2146292,2,4652,2,8865469,2,3098,2,2408100,2,24767,64,19417653,189,3520450,0,0
342,i01r01c02s10,2,259001,2,13706,2,39002,2,438485,1,2786337,1,123314297,1,1173378,1,202248,2,4243770,2,7661,1,2150089,2,3726,2,7426297,2,2294,2,1287815,2,17375,64,18976849,189,3372135,0,0
343,i01r01c02s10,2,268327,2,13085,2,40847,2,344773,1,2227273,1,123535560,1,1238822,1,229834,2,3759141,2,9621,1,2144595,2,3595,2,6733762,2,2833,2,1472629,2,23170,64,19715607,189,3445772,0,0
344,i01r01c02s10,2,259446,2,13168,2,42354,2,443390,1,3678939,1,122976477,1,1263673,1,234926,2,5226633,2,9294,1,2152763,2,4004,2,7264465,2,2445,2,1778267,2,19864,64,18916070,189,3385634,0,0
345,i01r01c02s10,2,260310,2,13448,2,38961,2,402648,1,2894226,1,124147477,1,1170860,1,229824,2,4350964,2,12530,1,2146077,2,3706,2,6732049,2,2890,2,1585518,2,17549,64,19425212,189,3491150,0,0
346,i01r01c02s10,2,253096,2,13462,2,38780,2,503629,1,2865933,1,123894781,1,1254958,1,238973,2,4399317,2,10513,1,2147625,2,3833,2,7086428,2,2903,2,1276306,2,18769,64,17978808,189,3411274,0,0
347,i01r01c02s10,2,261263,2,13114,2,39012,2,232250,1,1895414,1,123245528,1,1371069,1,227961,2,3553352,2,10647,1,2147615,2,4093,2,6426584,2,2110,2,1297465,2,18774,64,19972436,189,3481724,0,0
348,i01r01c02s10,2,263603,2,13636,2,38608,2,224156,1,2167714,1,123259439,1,1161079,1,201394,2,3618129,2,12528,1,2146213,2,3677,2,7710593,2,2096,2,1176136,2,17532,64,18773934,189,3414689,0,0
349,i01r01c02s10,2,261177,2,13367,2,59236,2,461462,1,3945465,1,123049249,1,1387976,1,266971,2,5621883,2,9718,1,2146335,2,4760,2,8569343,2,2600,2,1483461,2,24819,64,19575829,189,3512090,0,0
350,i01r01c02s10,2,266646,2,12946,2,39800,2,504569,1,2635401,1,123798658,1,1426529,1,368052,2,4353873,2,10809,1,2149124,2,3478,2,7353219,2,2424,2,1103838,2,18027,64,18238446,189,3391526,0,0
351,i01r01c02s10,2,264598,2,13534,2,39222,2,292684,1,2378822,1,124217216,1,1265904,1,291075,2,3934768,2,10152,1,2146874,2,3872,2,6462172,2,2293,2,1242591,2,17412,64,19664026,189,3460087,0,0
352,i01r01c02s10,2,251860,2,13155,2,35272,2,255899,1,2554305,1,123896342,1,1224196,1,242251,2,4055407,2,8821,1,2147705,2,3542,2,8048871,2,2317,2,1484491,2,18270,64,18959757,189,3313499,0,0
353,i01r01c02s10,2,264802,2,13006,2,39247,2,379101,1,2268573,1,124078650,1,1344418,1,240653,2,3902735,2,8265,1,2146153,2,3633,2,6503003,2,1988,2,1794326,2,18303,64,18874255,189,3433335,0,0
354,i01r01c02s10,2,254729,2,13080,2,42537,2,200270,1,2475043,1,122453744,1,1349530,1,453891,2,4104195,2,8658,1,2149093,2,3530,2,6981824,2,2479,2,1819373,2,17861,64,18616708,189,3346426,0,0
355,i01r01c02s10,2,256551,2,13828,2,39282,2,310488,1,1067722,1,122731468,1,1350956,1,198122,2,2700444,2,11324,1,2149482,2,3776,2,6263075,2,3126,2,1749678,2,18084,64,19006274,189,3383449,0,0
356,i01r01c02s10,2,272117,2,13481,2,41283,2,380450,1,3659389,1,124229428,1,1372706,1,203543,2,5329580,2,7128,1,2153988,2,3806,2,7902511,2,2477,2,2041939,2,19334,64,18733855,189,3368173,0,0
357,i01r01c02s10,2,265714,2,13657,2,41396,2,336473,1,4161846,1,123834137,1,1362471,1,214000,2,5816081,2,7423,1,2151251,2,3766,2,7529432,2,2513,2,1711663,2,18870,64,19867271,189,3351917,0,0
358,i01r01c02s10,2,258678,2,13697,2,41273,2,361845,1,3888286,1,123151708,1,1339804,1,293110,2,5512036,2,6126,1,2199461,2,3636,2,7190160,2,2481,2,1812585,2,18161,64,17011477,189,3358058,0,0
359,i01r01c02s10,2,263253,2,13166,2,42216,2,403178,1,3400684,1,123863656,1,1270701,1,233258,2,4959136,2,6252,1,2160654,2,3977,2,6971847,2,2727,2,1891572,2,17578,64,19753631,189,3399771,0,0
360,i01r01c02s10,2,260721,2,13556,2,49933,2,368142,1,4619023,1,123119977,1,1277774,1,224908,2,6184527,2,6069,1,2184894,2,3945,2,7055958,2,2409,2,2002442,2,19043,64,18904017,189,3297922,0,0
361,i01r01c02s10,2,258371,2,13406,2,40579,2,360384,1,2896935,1,123182699,1,1316964,1,281975,2,4499157,2,7646,1,2203383,2,3717,2,6790289,2,2421,2,1619604,2,19358,64,17518327,189,3398822,0,0
362,i01r01c02s10,2,261100,2,14375,2,38216,2,207366,1,2102002,1,123504879,1,1328452,1,265593,2,3717382,2,6791,1,2154852,2,3597,2,6394741,2,2405,2,1861487,2,19816,64,18531256,189,3328616,0,0
363,i01r01c02s10,2,268395,2,13392,2,37471,2,438872,1,3424489,1,123434861,1,1317058,1,216167,2,5035160,2,5882,1,2151478,2,3465,2,6720576,2,2639,2,1606734,2,18172,64,18782592,189,3465056,0,0
364,i01r01c02s10,2,259312,2,12784,2,41503,2,228380,1,1474656,1,123810521,1,1294325,1,207105,2,3052997,2,11162,1,2153251,2,3637,2,6460575,2,2597,2,1581489,2,18544,64,18715522,189,3406128,0,0
365,i01r01c02s10,2,259995,2,13704,2,36422,2,455006,1,2353281,1,124281202,1,1406917,1,203055,2,4045121,2,6355,1,2151221,2,3469,2,7050417,2,2429,2,1550282,2,17402,64,19063362,189,3364424,0,0
366,i01r01c02s10,2,259594,2,12925,2,44047,2,518768,1,4426399,1,123534571,1,1213973,1,571019,2,5925483,2,6901,1,2153829,2,3370,2,6940970,2,2880,2,1926099,2,19439,64,18075030,189,3337584,0,0
367,i01r01c02s10,2,266555,2,13112,2,40233,2,373772,1,3269318,1,123814144,1,1279372,1,273854,2,4839879,2,6378,1,2151184,2,3661,2,6811952,2,2126,2,2503808,2,16709,64,19785145,189,3381782,0,0
368,i01r01c02s10,2,248618,2,14072,2,39513,2,421932,1,4277130,1,123274844,1,1355101,1,270928,2,5906727,2,6365,1,2155549,2,4256,2,7689816,2,2839,2,1700015,2,20009,64,18115558,189,3342658,0,0
369,i01r01c02s10,2,266930,2,13258,2,38862,2,373760,1,2813616,1,124312119,1,1272151,1,207951,2,4376980,2,6758,1,2160533,2,3554,2,6993452,2,2492,2,1764450,2,18408,64,19183554,189,3379364,0,0
370,i01r01c02s10,2,256790,2,13825,2,39472,2,342741,1,2903078,1,125248210,1,1302684,1,464551,2,4488356,2,9171,1,2179873,2,3593,2,7129724,2,2589,2,1615857,2,17601,64,18852001,189,3389765,0,0
371,i01r01c02s10,2,263727,2,15051,2,48463,2,323016,1,2878163,1,124824158,1,1383442,1,217359,2,4553031,2,7831,1,2159878,2,4704,2,8822603,2,2513,2,1814014,2,19105,64,19670219,189,3448516,0,0
372,i01r01c02s10,2,260943,2,12984,2,39917,2,342173,1,2749606,1,123418044,1,1257819,1,224641,2,4293015,2,8047,1,2156046,2,3922,2,6813743,2,2683,2,1660668,2,17261,64,18713764,189,3312408,0,0
373,i01r01c02s10,2,264305,2,13226,2,39215,2,409153,1,1842838,1,124195106,1,1173018,1,210042,2,3304903,2,7316,1,2163934,2,3594,2,7600940,2,2314,2,2151125,2,17638,64,18884356,189,3434356,0,0
374,i01r01c02s10,2,287043,2,13521,2,44296,2,362319,1,3296334,1,123406827,1,1310649,1,461388,2,4919264,2,6350,1,2160442,2,4217,2,8023994,2,2266,2,1759470,2,17985,64,19051864,189,3340840,0,0
375,i01r01c02s10,2,269491,2,12698,2,39799,2,480898,1,3787314,1,124356974,1,1408753,1,232869,2,5490290,2,5996,1,2159587,2,4877,2,6906259,2,2248,2,2006223,2,17224,64,20221517,189,3368146,0,0
376,i01r01c02s10,2,259764,2,13550,2,39360,2,418360,1,3411164,1,124112569,1,1261573,1,234133,2,4957776,2,6505,1,2158800,2,3606,2,7828849,2,2466,2,1600658,2,18001,64,18225786,189,3361231,0,0
377,i01r01c02s10,2,266538,2,12874,2,41252,2,574257,1,4389031,1,123212054,1,1334110,1,274271,2,6013978,2,5728,1,2208696,2,4234,2,6675679,2,2489,2,1935552,2,19597,64,16753743,189,3399150,0,0
378,i01r01c02s10,2,260769,2,13207,2,40206,2,287730,1,1447783,1,123217923,1,1289979,1,241237,2,3023853,2,8805,1,2211638,2,3407,2,6587588,2,2659,2,1761932,2,17659,64,16789251,189,3358629,0,0
379,i01r01c02s10,2,264703,2,13350,2,54163,2,528838,1,3426125,1,124634051,1,1352379,1,228065,2,5069779,2,7518,1,2188839,2,4709,2,8897977,2,3170,2,1986428,2,20752,64,19674480,189,3375614,0,0
380,i01r01c02s10,2,260910,2,13285,2,39874,2,602337,1,2792702,1,124276881,1,1279546,1,212091,2,4358905,2,7071,1,2178999,2,3750,2,7134592,2,2147,2,2234916,2,17789,64,18102434,189,3321652,0,0
381,i01r01c02s10,2,271035,2,13463,2,39907,2,300102,1,1447978,1,124264909,1,1265860,1,225606,2,3010882,2,10330,1,2160785,2,3796,2,7548202,2,2480,2,2144691,2,16747,64,19442758,189,3472722,0,0
382,i01r01c02s10,2,265434,2,13205,2,39134,2,465946,1,2774227,1,124109650,1,1253783,1,342301,2,4318298,2,6731,1,2162517,2,3567,2,8188947,2,1856,2,2103243,2,17342,64,18897293,189,3270141,0,0
383,i01r01c02s10,2,272259,2,13255,2,43195,2,388341,1,4341026,1,123937827,1,1175169,1,317318,2,5813343,2,8697,1,2186406,2,4039,2,6630792,2,3017,2,1362231,2,17607,64,19975515,189,3456453,0,0
384,i01r01c02s11,2,260445,2,14117,2,41424,2,350173,1,2544493,1,124914556,1,1334432,1,239761,2,4166109,2,8318,1,2228446,2,3898,2,6432191,2,2225,2,1523073,2,19793,64,17142018,189,3676401,0,0
385,i01r01c02s11,2,279587,2,13656,2,44591,2,416040,1,4405244,1,123853744,1,1078703,1,192382,2,5789783,2,12257,1,2160497,2,3944,2,7405113,2,3008,2,1469694,2,20268,64,19633738,189,3720284,0,0
386,i01r01c02s11,2,285024,2,13229,2,40718,2,227651,1,3516734,1,124426483,1,1268808,1,452281,2,5096565,2,6948,1,2225896,2,3612,2,7412684,2,2603,2,1624883,2,21236,64,16821913,189,3616380,0,0
387,i01r01c02s11,2,302052,2,13256,2,38476,2,423802,1,2225254,1,122891541,1,1151424,1,251450,2,3703618,2,7062,1,2179710,2,3230,2,7536818,2,2072,2,2475612,2,18688,64,19695681,189,3615001,0,0
388,i01r01c02s11,2,267535,2,12999,2,41325,2,463807,1,2542766,1,123144247,1,1402766,1,267711,2,4237527,2,8555,1,2162307,2,3772,2,6482145,2,2498,2,1960084,2,20018,64,18123085,189,3571675,0,0
389,i01r01c02s11,2,279869,2,13132,2,45011,2,414029,1,4165613,1,124925850,1,1314417,1,252074,2,5785376,2,7384,1,2163916,2,4374,2,6685140,2,2457,2,1530070,2,21164,64,19599757,189,3770333,0,0
390,i01r01c02s11,2,283977,2,13251,2,49047,2,310443,1,4227901,1,123327230,1,1385217,1,244752,2,5925449,2,6212,1,2172170,2,3669,2,6409547,2,2756,2,1510907,2,19147,64,19168114,189,3608031,0,0
391,i01r01c02s11,2,269476,2,13250,2,41910,2,331622,1,3231678,1,124386176,1,1207461,1,266169,2,4733691,2,9120,1,2211281,2,3553,2,6559579,2,2315,2,2077795,2,17984,64,18047173,189,3626542,0,0
392,i01r01c02s11,2,268272,2,12804,2,43663,2,338150,1,1086928,1,123881796,1,1185538,1,222603,2,2565386,2,10051,1,2168124,2,4110,2,7525796,2,2348,2,2093899,2,19654,64,19183731,189,3565931,0,0
393,i01r01c02s11,2,285854,2,14175,2,50774,2,421307,1,5216735,1,124564380,1,1169688,1,256565,2,6702121,2,5929,1,2164468,2,4365,2,7262482,2,2948,2,1519957,2,20789,64,18944549,189,3708467,0,0
394,i01r01c02s11,2,281865,2,13672,2,43532,2,389428,1,3722123,1,125024571,1,1196415,1,484451,2,5226864,2,7286,1,2208014,2,4304,2,8415220,2,3093,2,2021448,2,19454,64,19132584,189,3690605,0,0
395,i01r01c02s11,2,286086,2,13687,2,43899,2,312473,1,2007835,1,124411350,1,1292844,1,215616,2,3613084,2,8605,1,2160798,2,4925,2,7454681,2,2458,2,2071221,2,22589,64,19671574,189,3684561,0,0
396,i01r01c02s11,2,275582,2,13671,2,42511,2,295175,1,4242895,1,123390808,1,1294039,1,229735,2,5839793,2,6770,1,2225133,2,4311,2,6548481,2,2211,2,1492809,2,17750,64,19016756,189,3598529,0,0
397,i01r01c02s11,2,263304,2,12769,2,42271,2,412673,1,4147037,1,123799391,1,1345476,1,235982,2,5781168,2,5478,1,2163142,2,3726,2,6700849,2,3013,2,1855014,2,19327,64,19690693,189,3623939,0,0
398,i01r01c02s11,2,299627,2,15862,2,44901,2,305246,1,4424683,1,123212477,1,1362511,1,263461,2,6117353,2,6778,1,2166265,2,3680,2,7475955,2,3089,2,1435067,2,19462,64,19266917,189,3593555,0,0
399,i01r01c02s11,2,280886,2,12756,2,42562,2,397001,1,3926052,1,123401496,1,1293806,1,296155,2,5525560,2,6074,1,2170934,2,4088,2,7457383,2,2939,2,2188734,2,21454,64,20029855,189,3688356,0,0
400,i01r01c02s11,2,269197,2,14034,2,40891,2,270741,1,2147243,1,124013566,1,1302682,1,223629,2,3745525,2,6674,1,2167767,2,3903,2,7420059,2,2553,2,1726678,2,19253,64,19010989,189,3622588,0,0
401,i01r01c02s11,2,273962,2,13018,2,44918,2,345507,1,2233268,1,123725942,1,1251644,1,236034,2,3784359,2,7275,1,2161611,2,3150,2,6569590,2,2565,2,1670608,2,19358,64,19423980,189,3605868,0,0
402,i01r01c02s11,2,274519,2,14022,2,38260,2,396802,1,4468736,1,123007666,1,1182350,1,624048,2,5953069,2,10626,1,2213179,2,7240,2,6739807,2,2648,2,2110973,2,19537,64,18931353,189,3740280,0,0
403,i01r01c02s11,2,271730,2,12966,2,36685,2,494520,1,2827261,1,123742550,1,1129951,1,198927,2,4253415,2,8930,1,2156818,2,3722,2,7459565,2,2207,2,2303959,2,18211,64,19667655,189,3578855,0,0
404,i01r01c02s11,2,275767,2,13331,2,40101,2,473383,1,2360486,1,124622474,1,1227689,1,233696,2,3890173,2,7948,1,2164949,2,3664,2,6538238,2,2846,2,2712776,2,19832,64,18941234,189,3570984,0,0
405,i01r01c02s11,2,263942,2,12909,2,37662,2,339660,1,4348051,1,124048482,1,1224740,1,197937,2,5861913,2,7350,1,2169480,2,3204,2,6641743,2,3120,2,2635772,2,21916,64,19586673,189,3658575,0,0
406,i01r01c02s11,2,272036,2,12950,2,38859,2,498926,1,2318370,1,124889016,1,1433161,1,196663,2,4048679,2,7113,1,2164622,2,3468,2,6372502,2,2386,2,2184065,2,20956,64,18514153,189,3611818,0,0
407,i01r01c02s11,2,263540,2,13428,2,38384,2,332867,1,1061983,1,125013579,1,1210950,1,289435,2,2562822,2,11914,1,2161063,2,3499,2,6529466,2,2921,2,3000040,2,18309,64,19910779,189,3682617,0,0
408,i01r01c02s11,2,268876,2,15313,2,40505,2,316743,1,1641267,1,125136249,1,1410568,1,228570,2,3348504,2,8072,1,2220438,2,3373,2,6538511,2,2522,2,2870665,2,18663,64,19182150,189,3565657,0,0
409,i01r01c02s11,2,274473,2,12961,2,42529,2,347424,1,4643504,1,124512381,1,1379159,1,215154,2,6323925,2,6714,1,2158153,2,4372,2,6631118,2,2503,2,2137288,2,21845,64,19546453,189,3757560,0,0
410,i01r01c02s11,2,258021,2,13466,2,38828,2,566554,1,2273398,1,124088836,1,1317168,1,203158,2,3874339,2,8334,1,2167205,2,3412,2,6962767,2,2443,2,2646760,2,19914,64,18293065,189,3673157,0,0
411,i01r01c02s11,2,277763,2,13189,2,39812,2,611599,1,2370558,1,124543575,1,1296935,1,193193,2,3970632,2,9246,1,2161026,2,3472,2,7709422,2,2408,2,2681052,2,19184,64,19128320,189,3680396,0,0
412,i01r01c02s11,2,288856,2,13762,2,55281,2,468492,1,2475811,1,124513259,1,1234864,1,257345,2,4026833,2,9399,1,2158574,2,3819,2,8731670,2,2800,2,3190786,2,20504,64,18864368,189,3711685,0,0
413,i01r01c02s11,2,290573,2,14039,2,39967,2,391284,1,2128238,1,124281872,1,1298037,1,248714,2,3741878,2,8241,1,2167351,2,4050,2,6483879,2,2446,2,2818623,2,18787,64,19628568,189,3684041,0,0
414,i01r01c02s11,2,279053,2,14881,2,39844,2,385554,1,3941464,1,124762832,1,1195496,1,463343,2,5443682,2,7303,1,2206568,2,3861,2,6544653,2,2889,2,2563878,2,19896,64,18975696,189,3586090,0,0
415,i01r01c02s11,2,274511,2,15230,2,39419,2,364631,1,4068263,1,124191033,1,1207326,1,318878,2,5577852,2,6350,1,2183117,2,4295,2,6756182,2,2608,2,2869078,2,20300,64,19770675,189,3678756,0,0
416,i01r01c02s11,2,263472,2,13391,2,73455,2,627915,1,5176049,1,124346242,1,1353991,1,189234,2,6820329,2,6446,1,2213989,2,5700,2,8560987,2,3470,2,3172892,2,25051,64,18976232,189,3605425,0,0
417,i01r01c02s11,2,267694,2,14128,2,40707,2,501920,1,2561975,1,123752497,1,1162971,1,222236,2,4019389,2,11570,1,2175981,2,3737,2,6340344,2,2625,2,2083205,2,19372,64,18964903,189,3641177,0,0
418,i01r01c02s11,2,273692,2,13535,2,63547,2,371363,1,4631187,1,124537257,1,1376324,1,281909,2,6309963,2,7358,1,2206247,2,4930,2,8134513,2,3947,2,2190806,2,27259,64,18970747,189,3666634,0,0
419,i01r01c02s11,2,271936,2,13315,2,41818,2,259704,1,3891548,1,123661817,1,1257159,1,225186,2,5446095,2,7938,1,2158000,2,3515,2,6611554,2,2232,2,1612624,2,20921,64,19551699,189,3754324,0,0
420,i01r01c02s11,2,266887,2,13699,2,38062,2,476579,1,4064641,1,124530976,1,1233472,1,216858,2,5591037,2,10717,1,2160898,2,3688,2,6787315,2,3164,2,2772548,2,19769,64,18810851,189,3612563,0,0
421,i01r01c02s11,2,278661,2,13668,2,36305,2,657348,1,2475174,1,123885848,1,1299458,1,201118,2,4078854,2,9083,1,2182057,2,3641,2,6461621,2,2146,2,3218107,2,19812,64,19063835,189,3643595,0,0
422,i01r01c02s11,2,273218,2,13322,2,38884,2,343283,1,2068369,1,125277511,1,1325915,1,409781,2,3692643,2,8015,1,2206634,2,3842,2,7493193,2,2159,2,2633215,2,18353,64,19423889,189,3520147,0,0
423,i01r01c02s11,2,264505,2,13192,2,37719,2,241779,1,2130163,1,123742949,1,1374488,1,342216,2,3794343,2,11539,1,2156661,2,3421,2,6348683,2,2473,2,1699452,2,19296,64,20037160,189,3733485,0,0
424,i01r01c02s11,2,263168,2,13181,2,41399,2,241601,1,3583424,1,123381414,1,1429575,1,260426,2,5302092,2,7790,1,2161911,2,3741,2,6389409,2,2479,2,2105800,2,19491,64,19351825,189,3567728,0,0
425,i01r01c02s11,2,277080,2,13316,2,48786,2,586865,1,4967168,1,124468989,1,1187221,1,222548,2,6457690,2,6469,1,2210560,2,4821,2,6633030,2,2710,2,3051398,2,19999,64,17130200,189,3656793,0,0
426,i01r01c02s11,2,271576,2,13189,2,45079,2,526290,1,3911897,1,124958665,1,1317856,1,240138,2,5528862,2,6176,1,2164405,2,4253,2,7511495,2,2949,2,2665944,2,22969,64,18944945,189,3601766,0,0
427,i01r01c02s11,2,268416,2,13283,2,37428,2,332438,1,2190784,1,124331604,1,1145397,1,217351,2,3629835,2,5843,1,2163208,2,4241,2,6500315,2,2748,2,3651652,2,19138,64,19832019,189,3658261,0,0
428,i01r01c02s11,2,271817,2,13090,2,47966,2,311286,1,3846918,1,123677103,1,1135635,1,211179,2,5280659,2,9989,1,2205948,2,3414,2,6699619,2,2281,2,2065191,2,18309,64,19194738,189,3649847,0,0
429,i01r01c02s11,2,281550,2,13719,2,40863,2,414419,1,4641787,1,124297955,1,1252422,1,202019,2,6201755,2,8005,1,2163219,2,4052,2,6578389,2,2297,2,2550904,2,20340,64,19608806,189,3673097,0,0
430,i01r01c02s11,2,274250,2,13295,2,47335,2,286536,1,4857426,1,123366199,1,1197575,1,342272,2,6356541,2,7002,1,2160127,2,3897,2,7198181,2,2908,2,1855654,2,20083,64,19232397,189,3546423,0,0
431,i01r01c02s11,2,273272,2,15341,2,40497,2,403060,1,3599678,1,123235757,1,1239221,1,345385,2,5139474,2,5960,1,2161095,2,3694,2,6655435,2,2110,2,2100469,2,19811,64,19308499,189,3718773,0,0
432,i01r01c02s12,2,258444,2,13182,2,37576,2,241738,1,2217599,1,122599288,1,1228432,1,211473,2,3729243,2,6478,1,2161678,2,3382,2,6265113,2,2639,2,1519016,2,19025,64,18827768,189,3381823,0,0
433,i01r01c02s12,2,277494,2,13325,2,39788,2,385072,1,1866909,1,121734584,1,1187956,1,250764,2,3356906,2,7468,1,2160062,2,3718,2,7606952,2,2022,2,2215698,2,18276,64,18775296,189,3466838,0,0
434,i01r01c02s12,2,264252,2,13650,2,39346,2,361005,1,5387885,1,124393772,1,1374932,1,244343,2,7052614,2,6907,1,2214291,2,3747,2,7470587,2,2993,2,2559010,2,19444,64,16944371,189,3410360,0,0
435,i01r01c02s12,2,260256,2,13578,2,35841,2,297084,1,1615671,1,123272710,1,1237024,1,223085,2,3137173,2,10568,1,2157967,2,3452,2,6610435,2,2183,2,2392661,2,18144,64,19387842,189,3419633,0,0
436,i01r01c02s12,2,256827,2,12827,2,40647,2,269538,1,5199348,1,121702762,1,1235899,1,210645,2,6718852,2,7544,1,2162243,2,3893,2,6355325,2,2442,2,2189524,2,18155,64,18764797,189,3350245,0,0
437,i01r01c02s12,2,257250,2,13152,2,43595,2,336980,1,6462349,1,123534250,1,1295988,1,226024,2,8042259,2,5717,1,2223547,2,3446,2,6635358,2,2068,2,2078802,2,22150,64,17618890,189,3468967,0,0
438,i01r01c02s12,2,279647,2,12901,2,42499,2,461993,1,2445659,1,123083763,1,1321635,1,199634,2,4071873,2,8258,1,2193462,2,4015,2,7546566,2,2499,2,2556582,2,17009,64,19276949,189,3344127,0,0
439,i01r01c02s12,2,263430,2,13166,2,42477,2,448653,1,4024289,1,123494936,1,1231234,1,278844,2,5544304,2,8582,1,2157763,2,4556,2,7686263,2,2442,2,2059624,2,18774,64,18970256,189,3457681,0,0
440,i01r01c02s12,2,255507,2,13799,2,36826,2,231931,1,2892388,1,122814226,1,1258061,1,223673,2,4432645,2,6533,1,2166747,2,3095,2,7299247,2,2299,2,2120562,2,18605,64,18976497,189,3343689,0,0
441,i01r01c02s12,2,261585,2,13599,2,41355,2,354515,1,3665233,1,121273529,1,1274816,1,191180,2,5227358,2,6753,1,2159716,2,3402,2,6826145,2,2162,2,2494306,2,19514,64,19404247,189,3444207,0,0
442,i01r01c02s12,2,262694,2,12965,2,40658,2,447545,1,2338350,1,123507746,1,1316081,1,212206,2,3941185,2,5771,1,2208068,2,3469,2,7405441,2,2616,2,1942428,2,17658,64,15930509,189,3323562,0,0
443,i01r01c02s12,2,263610,2,12796,2,40180,2,290995,1,1504198,1,122545488,1,1269961,1,213798,2,3061271,2,8635,1,2159416,2,3689,2,6604692,2,2093,2,1807452,2,17561,64,19516051,189,3357150,0,0
444,i01r01c02s12,2,260943,2,13207,2,41866,2,514263,1,2680119,1,123580068,1,1364329,1,202641,2,4331535,2,6544,1,2233119,2,3374,2,7591015,2,2310,2,2225002,2,17804,64,16080042,189,3272191,0,0
445,i01r01c02s12,2,275274,2,15464,2,45315,2,314045,1,6392666,1,122463630,1,1148483,1,190022,2,7845785,2,10125,1,2165475,2,5041,2,6550825,2,2526,2,2007715,2,18839,64,19516015,189,3402598,0,0
446,i01r01c02s12,2,268852,2,13379,2,38248,2,359484,1,6104826,1,121766091,1,1214560,1,222466,2,7612703,2,5954,1,2164910,2,4281,2,7333526,2,3197,2,2496894,2,19118,64,18826250,189,3341740,0,0
447,i01r01c02s12,2,266356,2,13462,2,40795,2,389438,1,2649284,1,122787535,1,1338821,1,236967,2,4279708,2,7164,1,2185403,2,4012,2,6801662,2,2316,2,2524580,2,18248,64,19702467,189,3423465,0,0
448,i01r01c02s12,2,253853,2,13471,2,39170,2,448813,1,3726480,1,123050064,1,1377856,1,241758,2,5383334,2,6782,1,2197559,2,3845,2,6560866,2,1845,2,2406690,2,18759,64,18032675,189,3426422,0,0
449,i01r01c02s12,2,256614,2,12932,2,37852,2,336476,1,1508577,1,122481158,1,1316739,1,205618,2,3106795,2,8236,1,2189171,2,3420,2,6612715,2,2205,2,2411060,2,17794,64,19751901,189,3337700,0,0
450,i01r01c02s12,2,259816,2,13541,2,41560,2,360430,1,4386560,1,122238160,1,1199578,1,203750,2,5871800,2,6199,1,2188302,2,4666,2,6641212,2,2562,2,2158074,2,17967,64,18832616,189,3354387,0,0
451,i01r01c02s12,2,259850,2,13750,2,39752,2,351351,1,2440162,1,124056969,1,1163283,1,204796,2,3888443,2,6826,1,2187390,2,3603,2,6689549,2,2067,2,2018040,2,18223,64,19547159,189,3417973,0,0
452,i01r01c02s12,2,256772,2,13118,2,37245,2,485906,1,2408426,1,121887787,1,1152418,1,196641,2,3841648,2,7771,1,2164373,2,3601,2,6327972,2,2548,2,1526788,2,18129,64,17817489,189,3463592,0,0
453,i01r01c02s12,2,257345,2,13237,2,39370,2,232548,1,3096717,1,123369773,1,1319936,1,215102,2,4699648,2,8062,1,2223740,2,3482,2,7463515,2,2162,2,2417324,2,17533,64,17610651,189,3388817,0,0
454,i01r01c02s12,2,256346,2,15100,2,35968,2,247083,1,4427449,1,123001787,1,1331107,1,202118,2,6041504,2,6480,1,2202387,2,4033,2,7417772,2,2443,2,1404265,2,19840,64,19151878,189,3355161,0,0
455,i01r01c02s12,2,259389,2,13288,2,40448,2,265242,1,3096003,1,122202716,1,1364594,1,211664,2,4745328,2,7260,1,2188588,2,3804,2,6629760,2,2369,2,1442145,2,18861,64,19754372,189,3407084,0,0
456,i01r01c02s12,2,256831,2,13599,2,37612,2,343887,1,6088988,1,123196072,1,1356805,1,187293,2,7726957,2,6720,1,2167804,2,3613,2,7444030,2,2784,2,1209076,2,20017,64,18977520,189,3369137,0,0
457,i01r01c02s12,2,257808,2,13006,2,39969,2,419417,1,2423286,1,123923155,1,1186148,1,197857,2,3891335,2,6626,1,2162194,2,2985,2,6594814,2,2245,2,1496457,2,16684,64,18681805,189,3369497,0,0
458,i01r01c02s12,2,264772,2,13726,2,40092,2,241175,1,1613031,1,123088148,1,1195400,1,220333,2,3098339,2,8792,1,2163732,2,3295,2,6390960,2,2469,2,1360978,2,17271,64,18718916,189,3390185,0,0
459,i01r01c02s12,2,257198,2,13361,2,41095,2,325485,1,4738772,1,123616616,1,1232656,1,193119,2,6253426,2,6436,1,2159755,2,3869,2,6621336,2,2938,2,1346752,2,18649,64,18843801,189,3376671,0,0
460,i01r01c02s12,2,265230,2,13683,2,40869,2,389852,1,2215168,1,122937451,1,1323389,1,215436,2,3829016,2,6759,1,2163947,2,3367,2,6504798,2,2376,2,2119861,2,18772,64,18674687,189,3347521,0,0
461,i01r01c02s12,2,261520,2,14168,2,41002,2,418374,1,2542943,1,122664244,1,1259889,1,208868,2,4090455,2,7372,1,2162430,2,3370,2,6663900,2,2488,2,2159865,2,18866,64,19909921,189,3386761,0,0
462,i01r01c02s12,2,254690,2,13933,2,68848,2,719177,1,6519641,1,121464342,1,1381906,1,206433,2,8185547,2,6665,1,2164533,2,5965,2,7517476,2,3734,2,1646605,2,26045,64,18393855,189,3436811,0,0
463,i01r01c02s12,2,256355,2,13261,2,41412,2,264823,1,5831780,1,123218754,1,1228865,1,226352,2,7340802,2,9316,1,2162098,2,3051,2,7301594,2,2541,2,1218699,2,18427,64,19777061,189,3441786,0,0
464,i01r01c02s12,2,249766,2,12910,2,43906,2,331960,1,6504617,1,122216597,1,1407876,1,194829,2,8189171,2,5482,1,2190494,2,3401,2,6551887,2,2530,2,1165119,2,20162,64,18752336,189,3372566,0,0
465,i01r01c02s12,2,261386,2,13492,2,38905,2,223168,1,3525778,1,122469940,1,1329361,1,198255,2,5141647,2,5572,1,2192081,2,3915,2,7459984,2,2286,2,1463781,2,19192,64,19310230,189,3401630,0,0
466,i01r01c02s12,2,256311,2,13223,2,45089,2,350510,1,4686764,1,122896625,1,1326341,1,237482,2,6295917,2,6962,1,2197434,2,3940,2,7516847,2,2620,2,2107679,2,20200,64,18809525,189,3466785,0,0
467,i01r01c02s12,2,257754,2,12742,2,66013,2,497435,1,5800980,1,123313742,1,1199090,1,192385,2,7285879,2,7826,1,2159551,2,8822,2,7629025,2,3523,2,1595871,2,24746,64,19542604,189,3598050,0,0
468,i01r01c02s12,2,251671,2,13351,2,60743,2,325728,1,6038139,1,122451407,1,1280773,1,253889,2,7596649,2,7439,1,2223182,2,3790,2,7440266,2,2627,2,1187357,2,19665,64,16810760,189,3465193,0,0
469,i01r01c02s12,2,260607,2,13533,2,42284,2,252284,1,5031749,1,123859814,1,1251280,1,226378,2,6569158,2,7618,1,2220225,2,4321,2,6710734,2,2902,2,1149668,2,17527,64,17616776,189,3435780,0,0
470,i01r01c02s12,2,261128,2,13374,2,42202,2,298410,1,4749226,1,121700780,1,1220234,1,189111,2,6256007,2,5888,1,2165869,2,3547,2,6864612,2,2275,2,1278505,2,17059,64,18981452,189,3390905,0,0
471,i01r01c02s12,2,267535,2,12722,2,58827,2,437311,1,6000266,1,124348548,1,1417267,1,228279,2,7711738,2,6230,1,2222836,2,4239,2,6528055,2,3576,2,1236043,2,17786,64,16971531,189,3449615,0,0
472,i01r01c02s12,2,251263,2,13258,2,38591,2,390274,1,5020865,1,121456608,1,1379382,1,222669,2,6676477,2,7068,1,2165629,2,7367,2,6583243,2,2764,2,1236848,2,22387,64,18363923,189,3687288,0,0
473,i01r01c02s12,2,267826,2,13384,2,36824,2,253974,1,2459408,1,123108016,1,1274004,1,226578,2,4026911,2,10942,1,2158185,2,3508,2,7355398,2,2216,2,1384441,2,17715,64,19458029,189,3378844,0,0
474,i01r01c02s12,2,258517,2,13844,2,39658,2,464764,1,2575697,1,122124274,1,1256894,1,263457,2,4117836,2,7582,1,2159530,2,4013,2,6637729,2,2308,2,1756398,2,17187,64,18663410,189,3387575,0,0
475,i01r01c02s12,2,260663,2,13502,2,42010,2,282305,1,5163740,1,123188645,1,1194735,1,217902,2,6646648,2,7309,1,2220645,2,3652,2,7672013,2,2959,2,1261890,2,18370,64,17481791,189,3471836,0,0
476,i01r01c02s12,2,250123,2,13229,2,39332,2,252025,1,4530633,1,123915608,1,1269442,1,191289,2,6075884,2,14111,1,2196208,2,4141,2,6563825,2,2672,2,1189146,2,16927,64,18822060,189,3358447,0,0
477,i01r01c02s12,2,263109,2,13619,2,39239,2,379592,1,5077247,1,124064698,1,1260353,1,211399,2,6626706,2,6145,1,2156883,2,4480,2,6572518,2,2676,2,1212852,2,17841,64,18704770,189,3446416,0,0
478,i01r01c02s12,2,269607,2,14949,2,40882,2,265954,1,2092441,1,122633223,1,1364576,1,198581,2,3754380,2,8858,1,2164312,2,3929,2,6483018,2,2180,2,1164198,2,17111,64,18958543,189,3387382,0,0
479,i01r01c02s12,2,263669,2,12832,2,39767,2,344938,1,2885719,1,122988139,1,1213821,1,200277,2,4388007,2,11620,1,2217877,2,3859,2,7565479,2,2241,2,1408436,2,16811,64,17870799,189,3426272,0,0
